altitude,cadence,calories,enhanced_altitude,power,timestamp,ascent,battery_soc,descent,distance,enhanced_speed,gps_accuracy,grade,left_pedal_smoothness,left_right_balance,left_torque_effectiveness,position_lat,position_long,right_pedal_smoothness,right_torque_effectiveness,speed,temperature,year,month,day,hour,wind_speed,wind_direction
5.399999999999977,84,0,5.399999999999977,343,2023-04-26 22:42:09,0.0,36.0,0.0,0.0,8.011,2.0,4.45,38.0,60.0,100.0,50.5331575,-84.8163999,39.5,97.5,8.011,,2023,4,26,22,0.89,27.0
5.600000000000023,86,0,5.600000000000023,385,2023-04-26 22:42:10,0.0,,0.0,10.02,8.219,3.0,4.27,30.0,55.0,87.0,50.5330553,-84.8163569,36.0,99.0,8.219,,2023,4,26,22,0.89,27.0
6.0,89,0,6.0,397,2023-04-26 22:42:11,1.0,,0.0,19.56,8.594,3.0,4.07,23.0,50.0,76.0,50.5329584,-84.8163133,32.5,99.0,8.594,14.0,2023,4,26,22,0.89,27.0
6.199999999999989,92,1,6.199999999999989,408,2023-04-26 22:42:12,1.0,,0.0,28.22,8.674,3.0,3.89,24.5,46.0,83.5,50.5328712,-84.8162681,26.5,90.0,8.674,14.0,2023,4,26,22,0.89,27.0
6.399999999999977,95,1,6.399999999999977,412,2023-04-26 22:42:13,1.0,,0.0,37.21,8.92,3.0,3.75,28.5,51.0,92.0,50.53278,-84.8162226,26.0,90.0,8.92,14.0,2023,4,26,22,0.89,27.0
6.600000000000023,86,2,6.600000000000023,366,2023-04-26 22:42:14,2.0,,0.0,46.35,9.039,3.0,3.63,31.5,56.0,96.0,50.5326879,-84.8161772,30.5,95.0,9.039,14.0,2023,4,26,22,0.89,27.0
6.800000000000011,80,2,6.800000000000011,352,2023-04-26 22:42:15,2.0,,0.0,56.23,9.56,3.0,3.45,32.5,56.0,97.5,50.5325906,-84.8161191,33.5,100.0,9.56,14.0,2023,4,26,22,0.89,27.0
7.0,81,3,7.0,381,2023-04-26 22:42:16,2.0,,0.0,67.76,10.913,2.0,3.12,31.5,53.0,99.5,50.5324853,-84.8160345,26.5,99.5,10.913,14.0,2023,4,26,22,0.89,27.0
7.0,90,3,7.0,697,2023-04-26 22:42:17,2.0,,0.0,79.61,10.824,2.0,2.67,29.5,50.0,99.5,50.5323687,-84.8159639,31.0,99.0,10.824,14.0,2023,4,26,22,0.89,27.0
7.0,97,4,7.0,809,2023-04-26 22:42:18,2.0,,0.0,91.84,11.423,2.0,2.2,27.0,43.0,96.5,50.5322463,-84.8159017,30.5,98.5,11.423,14.0,2023,4,26,22,0.89,27.0
7.199999999999989,98,5,7.199999999999989,700,2023-04-26 22:42:19,3.0,,0.0,103.49,11.643,2.0,1.72,27.5,44.0,95.0,50.5321301,-84.8158466,27.5,98.0,11.643,14.0,2023,4,26,22,0.89,27.0
7.199999999999989,101,5,7.199999999999989,514,2023-04-26 22:42:20,3.0,,0.0,115.43,11.788,2.0,1.3,32.5,50.0,99.0,50.5320089,-84.8157865,29.0,98.5,11.788,14.0,2023,4,26,22,0.89,27.0
7.600000000000023,98,6,7.600000000000023,426,2023-04-26 22:42:21,3.0,,0.0,128.17,11.982,2.0,1.0,28.5,56.0,90.5,50.5318815,-84.8157137,28.5,97.0,11.982,14.0,2023,4,26,22,0.89,27.0
8.0,93,6,8.0,373,2023-04-26 22:42:22,3.0,,0.0,140.98,12.258,2.0,0.9,24.5,62.0,81.5,50.5317542,-84.8156436,27.5,95.5,12.258,14.0,2023,4,26,22,0.89,27.0
8.600000000000023,90,6,8.600000000000023,369,2023-04-26 22:42:23,3.0,,0.0,153.68,12.323,2.0,1.04,20.5,69.0,72.5,50.531628,-84.8155799,27.0,94.5,12.323,14.0,2023,4,26,22,0.89,27.0
8.800000000000011,91,6,8.800000000000011,317,2023-04-26 22:42:24,3.0,,0.0,165.73,12.559,2.0,1.34,19.5,74.0,72.5,50.5315065,-84.8155189,24.0,85.0,12.559,14.0,2023,4,26,22,0.89,27.0
9.0,94,7,9.0,244,2023-04-26 22:42:25,4.0,,0.0,177.56,12.896,2.0,1.65,24.5,76.0,87.0,50.5313865,-84.8154621,17.5,63.5,12.896,14.0,2023,4,26,22,0.89,27.0
9.0,97,7,9.0,338,2023-04-26 22:42:26,4.0,,0.0,189.77,13.247,2.0,1.92,30.0,71.0,98.5,50.5312624,-84.8154,17.5,63.5,13.247,14.0,2023,4,26,22,0.89,27.0
9.199999999999989,99,8,9.199999999999989,442,2023-04-26 22:42:27,4.0,,0.0,202.59,13.288,2.0,2.12,32.5,66.0,99.5,50.5311343,-84.8153366,27.0,87.0,13.288,14.0,2023,4,26,22,0.89,27.0
9.399999999999977,93,8,9.399999999999977,333,2023-04-26 22:42:28,4.0,,0.0,216.12,13.359,2.0,2.16,29.0,61.0,91.0,50.5309965,-84.8152728,28.5,91.5,13.359,14.0,2023,4,26,22,0.89,27.0
9.399999999999977,72,8,9.399999999999977,219,2023-04-26 22:42:29,5.0,,0.0,229.2,13.344,2.0,2.02,23.0,64.0,77.5,50.5308628,-84.8152152,23.0,77.5,13.344,14.0,2023,4,26,22,0.89,27.0
9.399999999999977,60,8,9.399999999999977,191,2023-04-26 22:42:30,5.0,,0.0,242.27,13.327,2.0,1.71,16.5,64.0,66.5,50.5307284,-84.8151546,18.0,64.5,13.327,14.0,2023,4,26,22,0.89,27.0
9.399999999999977,47,8,9.399999999999977,164,2023-04-26 22:42:31,5.0,,0.0,255.5,13.224,2.0,1.31,12.0,47.0,75.5,50.5305952,-84.8150974,18.0,63.0,13.224,14.0,2023,4,26,22,0.89,27.0
9.600000000000023,35,8,9.600000000000023,137,2023-04-26 22:42:32,5.0,,0.0,268.45,12.774,2.0,0.92,7.5,29.0,85.0,50.5304616,-84.8150337,18.0,62.0,12.774,14.0,2023,4,26,22,0.89,27.0
9.600000000000023,30,8,9.600000000000023,77,2023-04-26 22:42:33,5.0,,0.0,280.96,12.368,2.0,0.65,3.0,12.0,94.0,50.5303349,-84.8149725,18.0,61.0,12.368,14.0,2023,4,26,22,0.89,27.0
9.600000000000023,40,9,9.600000000000023,90,2023-04-26 22:42:34,5.0,,0.0,293.22,12.503,2.0,0.29,5.5,39.0,97.0,50.530212,-84.8149151,18.0,60.0,12.503,14.0,2023,4,26,22,0.89,27.0
9.800000000000011,32,9,9.800000000000011,89,2023-04-26 22:42:35,5.0,,0.0,305.54,12.301,2.0,0.14,21.5,87.0,88.5,50.5300894,-84.8148515,18.0,60.0,12.301,14.0,2023,4,26,22,0.89,27.0
9.600000000000023,22,9,9.600000000000023,86,2023-04-26 22:42:36,5.0,,0.0,317.66,12.107,2.0,0.16,23.0,77.0,84.5,50.5299666,-84.8147906,18.5,63.0,12.107,14.0,2023,4,26,22,0.89,27.0
9.600000000000023,12,9,9.600000000000023,82,2023-04-26 22:42:37,5.0,,0.0,329.52,12.073,2.0,0.0,22.5,66.0,81.0,50.5298449,-84.8147365,19.0,66.0,12.073,14.0,2023,4,26,22,0.89,27.0
9.399999999999977,1,9,9.399999999999977,0,2023-04-26 22:42:38,5.0,,0.0,341.22,11.93,2.0,0.0,22.0,56.0,78.0,50.5297256,-84.8146804,19.5,69.0,11.93,14.0,2023,4,26,22,0.89,27.0
9.199999999999989,0,9,9.199999999999989,0,2023-04-26 22:42:39,5.0,,0.0,353.2,11.802,2.0,0.0,21.0,46.0,74.5,50.5296049,-84.8146181,20.5,72.5,11.802,14.0,2023,4,26,22,0.89,27.0
9.0,0,9,9.0,0,2023-04-26 22:42:40,5.0,,0.0,364.92,11.876,2.0,-0.16,20.5,35.0,71.0,50.5294863,-84.8145607,21.0,75.5,11.876,14.0,2023,4,26,22,0.89,27.0
9.0,4,9,9.0,0,2023-04-26 22:42:41,5.0,,0.0,376.72,11.942,2.0,-0.46,20.0,25.0,67.5,50.5293679,-84.8144996,21.5,79.0,11.942,14.0,2023,4,26,22,0.89,27.0
8.800000000000011,24,9,8.800000000000011,13,2023-04-26 22:42:42,5.0,,1.0,388.42,11.801,2.0,-0.67,19.5,15.0,64.0,50.5292497,-84.8144424,22.0,82.0,11.801,14.0,2023,4,26,22,0.89,27.0
8.800000000000011,17,9,8.800000000000011,11,2023-04-26 22:42:43,5.0,,1.0,400.26,11.863,2.0,-0.81,18.0,18.0,59.0,50.5291313,-84.8143813,22.0,82.0,11.863,14.0,2023,4,26,22,0.89,27.0
8.800000000000011,10,9,8.800000000000011,10,2023-04-26 22:42:44,5.0,,1.0,412.02,11.959,2.0,-0.87,14.5,29.0,50.0,50.5290141,-84.8143246,20.5,77.0,11.959,14.0,2023,4,26,22,0.89,27.0
8.600000000000023,3,9,8.600000000000023,0,2023-04-26 22:42:45,5.0,,1.0,423.89,11.866,2.0,-0.85,11.5,40.0,41.5,50.528894,-84.8142633,19.5,72.0,11.866,14.0,2023,4,26,22,0.89,27.0
8.600000000000023,2,9,8.600000000000023,0,2023-04-26 22:42:46,5.0,,1.0,435.54,11.765,2.0,-0.74,8.5,52.0,32.5,50.5287743,-84.8142089,18.0,67.0,11.765,14.0,2023,4,26,22,0.89,27.0
8.399999999999977,11,9,8.399999999999977,1,2023-04-26 22:42:47,5.0,,1.0,447.17,11.721,2.0,-0.63,5.5,63.0,24.0,50.5286587,-84.8141541,17.0,61.5,11.721,14.0,2023,4,26,22,0.89,27.0
8.399999999999977,8,9,8.399999999999977,1,2023-04-26 22:42:48,5.0,,1.0,458.93,11.786,2.0,-0.58,4.0,66.0,20.0,50.5285391,-84.8140989,15.5,56.5,11.786,14.0,2023,4,26,22,0.89,27.0
8.199999999999989,5,9,8.199999999999989,0,2023-04-26 22:42:49,5.0,,1.0,470.53,11.646,2.0,-0.59,5.0,65.0,24.5,50.5284212,-84.8140445,14.0,50.5,11.646,14.0,2023,4,26,22,0.89,27.0
8.199999999999989,2,9,8.199999999999989,0,2023-04-26 22:42:50,5.0,,1.0,481.77,11.185,2.0,-0.64,6.5,63.0,29.0,50.5283055,-84.8139898,12.5,45.0,11.185,14.0,2023,4,26,22,0.89,27.0
8.0,0,9,8.0,0,2023-04-26 22:42:51,5.0,,1.0,492.53,10.699,2.0,-0.72,7.5,62.0,33.0,50.5281968,-84.8139382,10.5,39.0,10.699,14.0,2023,4,26,22,0.89,27.0
7.600000000000023,0,9,7.600000000000023,0,2023-04-26 22:42:52,5.0,,1.0,502.94,10.268,2.0,-0.87,9.0,61.0,37.5,50.5280906,-84.8138928,9.0,33.5,10.268,14.0,2023,4,26,22,0.89,27.0
7.399999999999977,0,9,7.399999999999977,0,2023-04-26 22:42:53,5.0,,2.0,513.0,9.85,2.0,-1.08,10.0,59.0,42.0,50.5279895,-84.8138468,7.5,28.0,9.85,14.0,2023,4,26,22,0.89,27.0
7.0,0,9,7.0,0,2023-04-26 22:42:54,5.0,,2.0,522.31,9.313,2.0,-1.29,11.5,58.0,46.0,50.5278926,-84.8138043,6.0,22.0,9.313,14.0,2023,4,26,22,0.89,27.0
6.399999999999977,0,9,6.399999999999977,0,2023-04-26 22:42:55,5.0,,2.0,531.08,8.871,2.0,-1.52,12.5,57.0,50.5,50.5278022,-84.8137681,4.5,16.5,8.871,14.0,2023,4,26,22,0.89,27.0
5.600000000000023,0,9,5.600000000000023,0,2023-04-26 22:42:56,5.0,,2.0,539.64,8.573,2.0,-1.91,13.5,55.0,55.0,50.5277139,-84.8137317,3.0,10.5,8.573,14.0,2023,4,26,22,0.89,27.0
5.199999999999989,60,9,5.199999999999989,23,2023-04-26 22:42:57,5.0,,3.0,547.99,8.388,2.0,-2.46,15.0,54.0,59.5,50.5276314,-84.8136924,1.5,5.0,8.388,14.0,2023,4,26,22,0.89,27.0
5.0,60,9,5.0,75,2023-04-26 22:42:58,5.0,,3.0,556.06,8.016,2.0,-3.06,15.5,51.0,60.5,50.5275522,-84.8136443,3.0,11.0,8.016,14.0,2023,4,26,22,0.89,27.0
4.600000000000023,58,9,4.600000000000023,99,2023-04-26 22:42:59,5.0,,4.0,563.8,7.87,2.0,-3.6,13.0,46.0,44.5,50.5274792,-84.8135896,26.5,88.0,7.87,14.0,2023,4,26,22,0.89,27.0
4.399999999999977,59,9,4.399999999999977,191,2023-04-26 22:43:00,5.0,,4.0,571.79,8.2,2.0,-4.02,30.0,50.0,83.0,50.5274026,-84.813537,19.5,66.5,8.2,14.0,2023,4,26,22,0.89,27.0
4.0,63,9,4.0,257,2023-04-26 22:43:01,5.0,,5.0,580.0,8.679,2.0,-4.32,34.5,52.0,95.0,50.527321,-84.8134916,17.5,61.5,8.679,14.0,2023,4,26,22,0.89,27.0
3.3999999999999773,69,10,3.3999999999999773,264,2023-04-26 22:43:02,5.0,,5.0,588.49,8.697,2.0,-4.54,30.0,52.0,88.0,50.5272378,-84.8134462,21.0,72.5,8.697,14.0,2023,4,26,22,0.89,27.0
3.1999999999999886,74,10,3.1999999999999886,266,2023-04-26 22:43:03,5.0,,5.0,596.91,8.587,2.0,-4.64,26.0,52.0,81.0,50.527151,-84.8134005,24.5,83.5,8.587,14.0,2023,4,26,22,0.89,27.0
2.8000000000000114,76,10,2.8000000000000114,256,2023-04-26 22:43:04,5.0,,6.0,605.46,8.808,2.0,-4.52,22.0,51.0,74.0,50.5270648,-84.8133579,28.0,94.5,8.808,14.0,2023,4,26,22,0.89,27.0
2.3999999999999773,74,10,2.3999999999999773,184,2023-04-26 22:43:05,5.0,,6.0,614.01,8.548,2.0,-4.31,21.5,53.0,73.5,50.5269788,-84.8133244,24.0,88.5,8.548,14.0,2023,4,26,22,0.89,27.0
2.0,65,10,2.0,137,2023-04-26 22:43:06,5.0,,7.0,622.12,7.837,2.0,-4.22,16.5,79.0,59.0,50.5268934,-84.8132997,20.0,77.5,7.837,14.0,2023,4,26,22,0.89,27.0
1.8000000000000114,46,10,1.8000000000000114,114,2023-04-26 22:43:07,5.0,,7.0,629.51,7.22,2.0,-4.16,13.0,83.0,48.0,50.5268152,-84.8132786,19.0,71.0,7.22,14.0,2023,4,26,22,0.89,27.0
1.6000000000000227,26,10,1.6000000000000227,91,2023-04-26 22:43:08,5.0,,8.0,635.61,5.998,2.0,-3.96,15.0,74.0,55.0,50.5267525,-84.8132486,20.0,74.0,5.998,14.0,2023,4,26,22,0.89,27.0
1.6000000000000227,7,10,1.6000000000000227,67,2023-04-26 22:43:09,5.0,,8.0,640.22,4.47,2.0,-3.62,17.0,65.0,62.0,50.5267068,-84.8132205,21.0,77.5,4.47,14.0,2023,4,26,22,0.89,27.0
1.6000000000000227,0,10,1.6000000000000227,0,2023-04-26 22:43:10,5.0,,8.0,643.64,3.486,2.0,-3.14,19.5,56.0,69.0,50.5266718,-84.8132114,22.0,81.0,3.486,14.0,2023,4,26,22,0.89,27.0
1.6000000000000227,0,10,1.6000000000000227,0,2023-04-26 22:43:11,5.0,,8.0,647.22,3.86,2.0,-2.6,21.5,46.0,75.5,50.5266359,-84.8132023,23.0,84.5,3.86,14.0,2023,4,26,22,0.89,27.0
1.6000000000000227,0,10,1.6000000000000227,0,2023-04-26 22:43:12,5.0,,8.0,651.51,4.729,2.0,-2.07,24.0,37.0,82.5,50.5265895,-84.8131907,24.0,87.5,4.729,14.0,2023,4,26,22,0.89,27.0
1.3999999999999773,12,10,1.3999999999999773,1,2023-04-26 22:43:13,5.0,,8.0,656.79,5.395,2.0,-1.56,26.0,28.0,89.5,50.5265362,-84.8131641,25.0,91.0,5.395,14.0,2023,4,26,22,0.89,27.0
1.3999999999999773,34,11,1.3999999999999773,180,2023-04-26 22:43:14,5.0,,8.0,662.9,6.268,2.0,-1.15,28.0,19.0,96.0,50.5264777,-84.8131191,26.0,94.5,6.268,14.0,2023,4,26,22,0.89,27.0
1.1999999999999886,51,11,1.1999999999999886,305,2023-04-26 22:43:15,5.0,,8.0,669.06,6.261,2.0,-1.06,28.0,44.0,97.0,50.5264211,-84.8130771,26.0,96.0,6.261,14.0,2023,4,26,22,0.89,27.0
1.0,54,11,1.0,371,2023-04-26 22:43:16,5.0,35.0,8.0,675.29,6.016,2.0,-1.33,27.0,53.0,94.5,50.5263633,-84.8130395,24.5,94.0,6.016,14.0,2023,4,26,22,0.89,27.0
0.8000000000000114,56,12,0.8000000000000114,373,2023-04-26 22:43:17,5.0,,8.0,681.4,6.458,2.0,-1.68,25.5,53.0,92.5,50.5263014,-84.8130031,22.0,89.5,6.458,14.0,2023,4,26,22,0.89,27.0
0.8000000000000114,58,12,0.8000000000000114,370,2023-04-26 22:43:18,5.0,,9.0,688.11,6.699,2.0,-1.87,25.0,52.0,92.5,50.526233,-84.8129693,22.0,89.5,6.699,14.0,2023,4,26,22,0.89,27.0
0.6000000000000227,62,12,0.6000000000000227,384,2023-04-26 22:43:19,5.0,,9.0,695.2,7.292,2.0,-1.93,24.0,50.0,90.5,50.5261618,-84.8129364,22.0,91.5,7.292,14.0,2023,4,26,22,0.89,27.0
0.39999999999997726,63,13,0.39999999999997726,390,2023-04-26 22:43:20,5.0,,9.0,703.08,7.876,2.0,-1.88,23.0,50.0,89.5,50.5260839,-84.812894,22.0,93.0,7.876,14.0,2023,4,26,22,0.89,27.0
0.19999999999998863,65,13,0.19999999999998863,395,2023-04-26 22:43:21,5.0,,9.0,710.78,7.623,2.0,-1.84,22.0,49.0,88.5,50.5260037,-84.8128604,22.0,94.0,7.623,14.0,2023,4,26,22,0.89,27.0
0.0,65,14,0.0,402,2023-04-26 22:43:22,5.0,,9.0,718.23,7.265,2.0,-1.82,21.0,49.0,88.0,50.5259269,-84.8128355,22.0,95.0,7.265,14.0,2023,4,26,22,0.89,27.0
-0.19999999999998863,66,14,-0.19999999999998863,399,2023-04-26 22:43:23,5.0,,9.0,725.38,7.193,2.0,-1.83,21.5,50.0,88.5,50.5258525,-84.8128173,22.0,93.5,7.193,14.0,2023,4,26,22,0.89,27.0
0.0,67,14,0.0,399,2023-04-26 22:43:24,5.0,,9.0,732.57,7.449,2.0,-1.82,22.5,50.0,89.5,50.5257756,-84.8127992,22.0,92.5,7.449,14.0,2023,4,26,22,0.89,27.0
0.19999999999998863,68,15,0.19999999999998863,413,2023-04-26 22:43:25,5.0,,10.0,740.08,7.67,2.0,-1.67,22.0,54.0,90.0,50.5256973,-84.8127784,21.0,90.0,7.67,14.0,2023,4,26,22,0.89,27.0
0.39999999999997726,69,15,0.39999999999997726,435,2023-04-26 22:43:26,5.0,,10.0,748.14,7.961,2.0,-0.87,22.0,54.0,90.5,50.5256127,-84.8127405,20.0,88.5,7.961,14.0,2023,4,26,22,0.89,27.0
0.6000000000000227,71,16,0.6000000000000227,449,2023-04-26 22:43:27,5.0,,10.0,757.25,8.544,2.0,-0.21,22.0,52.0,89.5,50.5255237,-84.812685,20.0,89.0,8.544,14.0,2023,4,26,22,0.89,27.0
0.6000000000000227,73,16,0.6000000000000227,455,2023-04-26 22:43:28,6.0,,10.0,765.84,8.512,2.0,-0.22,21.0,51.0,86.0,50.5254376,-84.8126482,21.0,93.0,8.512,14.0,2023,4,26,22,0.89,27.0
0.39999999999997726,75,17,0.39999999999997726,456,2023-04-26 22:43:29,6.0,,10.0,773.89,8.051,2.0,0.33,20.5,53.0,87.5,50.5253553,-84.8126144,21.0,93.0,8.051,14.0,2023,4,26,22,0.89,27.0
0.39999999999997726,76,17,0.39999999999997726,456,2023-04-26 22:43:30,6.0,,10.0,781.49,7.403,2.0,0.34,20.5,49.0,87.0,50.5252749,-84.8125844,20.5,92.0,7.403,14.0,2023,4,26,22,0.89,27.0
0.19999999999998863,76,18,0.19999999999998863,441,2023-04-26 22:43:31,6.0,,10.0,788.78,6.99,2.0,0.0,20.5,45.0,82.0,50.5252005,-84.8125561,20.5,91.5,6.99,14.0,2023,4,26,22,0.89,27.0
0.39999999999997726,73,18,0.39999999999997726,392,2023-04-26 22:43:32,6.0,,10.0,795.84,7.046,2.0,0.0,19.5,44.0,72.0,50.5251288,-84.8125393,20.0,92.0,7.046,14.0,2023,4,26,22,0.89,27.0
0.6000000000000227,76,18,0.6000000000000227,336,2023-04-26 22:43:33,6.0,,10.0,803.78,7.653,2.0,0.0,24.0,59.0,82.0,50.5250474,-84.8125025,21.0,89.5,7.653,14.0,2023,4,26,22,0.89,27.0
0.8000000000000114,79,18,0.8000000000000114,266,2023-04-26 22:43:34,6.0,,10.0,811.2,7.67,2.0,0.0,29.0,56.0,93.0,50.5249709,-84.8124691,22.5,87.0,7.67,14.0,2023,4,26,22,0.89,27.0
1.0,88,19,1.0,289,2023-04-26 22:43:35,6.0,,10.0,818.48,7.537,2.0,0.0,30.5,57.0,98.5,50.5248963,-84.8124342,24.0,86.5,7.537,14.0,2023,4,26,22,0.89,27.0
1.1999999999999886,98,19,1.1999999999999886,291,2023-04-26 22:43:36,6.0,,10.0,826.03,7.304,2.0,0.31,26.0,55.0,96.5,50.5248257,-84.8123788,26.0,89.5,7.304,14.0,2023,4,26,22,0.89,27.0
1.3999999999999773,87,19,1.3999999999999773,261,2023-04-26 22:43:37,6.0,,10.0,833.8,7.553,2.0,1.0,22.0,51.0,94.0,50.5247522,-84.8123299,28.0,93.0,7.553,14.0,2023,4,26,22,0.89,27.0
1.6000000000000227,83,20,1.6000000000000227,245,2023-04-26 22:43:38,7.0,,10.0,841.73,7.75,2.0,1.62,28.0,54.0,96.5,50.5246738,-84.8122917,25.0,84.0,7.75,14.0,2023,4,26,22,0.89,27.0
1.8000000000000114,82,20,1.8000000000000114,292,2023-04-26 22:43:39,7.0,,10.0,850.14,7.781,2.0,2.11,29.5,53.0,98.5,50.5245883,-84.8122453,26.0,90.5,7.781,14.0,2023,4,26,22,0.89,27.0
2.0,83,20,2.0,310,2023-04-26 22:43:40,7.0,,10.0,858.12,7.739,2.0,2.4,29.5,54.0,98.5,50.5245097,-84.8121999,27.0,97.5,7.739,14.0,2023,4,26,22,0.89,27.0
2.0,84,20,2.0,311,2023-04-26 22:43:41,7.0,,10.0,866.12,7.595,2.0,2.45,30.0,54.0,98.0,50.5244287,-84.8121541,26.5,96.5,7.595,14.0,2023,4,26,22,0.89,27.0
2.1999999999999886,84,21,2.1999999999999886,285,2023-04-26 22:43:42,7.0,,10.0,873.84,7.595,2.0,2.35,30.0,55.0,97.0,50.5243531,-84.8121089,25.5,95.0,7.595,14.0,2023,4,26,22,0.89,27.0
2.1999999999999886,84,21,2.1999999999999886,262,2023-04-26 22:43:43,8.0,,10.0,881.35,7.497,2.0,2.13,22.5,55.0,81.0,50.5242807,-84.8120668,24.0,91.5,7.497,14.0,2023,4,26,22,0.89,27.0
2.3999999999999773,84,21,2.3999999999999773,213,2023-04-26 22:43:44,8.0,,10.0,888.98,7.177,2.0,1.88,21.5,56.0,78.0,50.5242029,-84.8120295,21.5,81.0,7.177,14.0,2023,4,26,22,0.89,27.0
2.3999999999999773,85,21,2.3999999999999773,216,2023-04-26 22:43:45,8.0,,10.0,896.15,7.067,2.0,1.63,22.5,57.0,80.0,50.5241297,-84.811993,21.5,78.5,7.067,14.0,2023,4,26,22,0.89,27.0
2.6000000000000227,84,22,2.6000000000000227,221,2023-04-26 22:43:46,8.0,,10.0,903.3,7.133,2.0,1.43,22.5,58.0,82.0,50.5240575,-84.8119594,23.5,85.5,7.133,14.0,2023,4,26,22,0.89,27.0
3.0,82,22,3.0,225,2023-04-26 22:43:47,8.0,,10.0,910.56,7.309,2.0,1.37,23.5,58.0,85.5,50.5239841,-84.8119292,21.0,75.5,7.309,14.0,2023,4,26,22,0.89,27.0
3.1999999999999886,80,22,3.1999999999999886,228,2023-04-26 22:43:48,8.0,,10.0,917.74,7.339,2.0,1.46,24.0,51.0,83.0,50.5239108,-84.8118899,20.0,77.5,7.339,14.0,2023,4,26,22,0.89,27.0
3.3999999999999773,69,22,3.3999999999999773,170,2023-04-26 22:43:49,8.0,,10.0,924.7,6.801,2.0,1.69,22.5,57.0,77.0,50.5238418,-84.811847,19.5,78.0,6.801,14.0,2023,4,26,22,0.89,27.0
3.6000000000000227,44,22,3.6000000000000227,123,2023-04-26 22:43:50,9.0,,10.0,930.78,6.104,3.0,2.0,19.0,51.0,70.5,50.5237842,-84.8118134,19.0,76.5,6.104,14.0,2023,4,26,22,0.89,27.0
3.8000000000000114,20,22,3.8000000000000114,75,2023-04-26 22:43:51,9.0,,10.0,936.4,5.673,3.0,2.3,15.0,40.0,64.5,50.5237283,-84.8117834,18.5,73.5,5.673,14.0,2023,4,26,22,0.89,27.0
4.0,0,22,4.0,0,2023-04-26 22:43:52,9.0,,10.0,941.71,5.066,3.0,2.56,11.0,29.0,58.5,50.5236733,-84.8117498,18.0,70.0,5.066,13.0,2023,4,26,22,0.89,27.0
4.199999999999989,0,22,4.199999999999989,0,2023-04-26 22:43:53,9.0,,10.0,946.14,3.944,3.0,2.77,7.0,17.0,52.0,50.5236309,-84.8117254,17.5,67.0,3.944,13.0,2023,4,26,22,0.89,27.0
4.399999999999977,0,22,4.399999999999977,0,2023-04-26 22:43:54,9.0,,10.0,949.92,2.986,3.0,2.93,3.0,6.0,46.0,50.5235948,-84.8117073,17.0,63.5,2.986,13.0,2023,4,26,22,0.89,27.0
4.600000000000023,12,22,4.600000000000023,0,2023-04-26 22:43:55,10.0,,10.0,953.34,2.19,3.0,3.03,0.5,12.0,40.0,50.5235605,-84.8116915,17.0,62.5,2.19,13.0,2023,4,26,22,0.89,27.0
4.800000000000011,16,22,4.800000000000011,0,2023-04-26 22:43:56,10.0,,10.0,955.85,1.923,3.0,3.09,1.5,39.0,33.5,50.5235348,-84.8116774,19.0,69.0,1.923,13.0,2023,4,26,22,0.89,27.0
4.800000000000011,19,22,4.800000000000011,0,2023-04-26 22:43:57,10.0,,10.0,958.96,2.237,2.0,3.3,3.0,66.0,27.5,50.523509,-84.8116471,20.5,75.5,2.237,13.0,2023,4,26,22,0.89,27.0
5.0,25,22,5.0,18,2023-04-26 22:43:58,10.0,,10.0,961.93,2.668,2.0,3.64,4.5,92.0,21.5,50.52348,-84.8116135,22.5,82.5,2.668,13.0,2023,4,26,22,0.89,27.0
5.199999999999989,84,22,5.199999999999989,277,2023-04-26 22:44:02,10.0,,10.0,963.08,3.829,2.0,0.0,33.0,53.0,96.5,50.5233557,-84.8115319,19.0,76.0,3.829,13.0,2023,4,26,22,0.89,27.0
5.399999999999977,92,22,5.399999999999977,290,2023-04-26 22:44:03,10.0,,10.0,967.3,4.224,2.0,0.0,30.0,51.0,91.5,50.5233117,-84.8115077,19.5,76.0,4.224,13.0,2023,4,26,22,0.89,27.0
5.399999999999977,91,23,5.399999999999977,263,2023-04-26 22:44:04,10.0,,10.0,972.59,4.799,2.0,0.0,27.5,53.0,86.5,50.523259,-84.8114883,19.5,75.5,4.799,13.0,2023,4,26,22,0.89,27.0
5.399999999999977,95,23,5.399999999999977,245,2023-04-26 22:44:05,10.0,,10.0,977.96,5.247,2.0,0.0,25.0,53.0,81.0,50.5232019,-84.8114676,20.0,75.5,5.247,13.0,2023,4,26,22,0.89,27.0
5.399999999999977,92,23,5.399999999999977,237,2023-04-26 22:44:06,10.0,,10.0,983.41,5.443,2.0,0.0,22.5,50.0,75.5,50.5231474,-84.8114386,20.5,75.0,5.443,13.0,2023,4,26,22,0.89,27.0
5.399999999999977,89,23,5.399999999999977,230,2023-04-26 22:44:07,10.0,,10.0,989.34,5.818,2.0,0.0,28.5,51.0,92.5,50.5230872,-84.8114041,21.5,81.0,5.818,13.0,2023,4,26,22,0.89,27.0
5.399999999999977,87,24,5.399999999999977,256,2023-04-26 22:44:08,10.0,,10.0,995.38,5.919,2.0,0.0,28.0,52.0,93.0,50.5230285,-84.8113736,20.0,75.5,5.919,13.0,2023,4,26,22,0.89,27.0
5.399999999999977,88,24,5.399999999999977,257,2023-04-26 22:44:09,10.0,,10.0,1001.1,5.787,2.0,0.0,25.5,53.0,87.0,50.522973,-84.8113402,22.5,80.5,5.787,13.0,2023,4,26,22,0.89,27.0
5.600000000000023,88,24,5.600000000000023,258,2023-04-26 22:44:10,11.0,,10.0,1006.68,5.655,2.0,0.17,24.0,55.0,82.0,50.522917,-84.8113131,27.5,95.0,5.655,13.0,2023,4,26,22,0.89,27.0
5.600000000000023,88,24,5.600000000000023,230,2023-04-26 22:44:11,11.0,,10.0,1012.1,5.466,2.0,0.26,25.0,57.0,81.0,50.5228635,-84.8112827,24.0,88.0,5.466,13.0,2023,4,26,22,0.89,27.0
5.600000000000023,88,24,5.600000000000023,202,2023-04-26 22:44:12,11.0,,10.0,1017.58,5.477,2.0,0.0,24.0,57.0,77.5,50.5228072,-84.8112491,22.5,84.0,5.477,13.0,2023,4,26,22,0.89,27.0
5.600000000000023,71,25,5.600000000000023,164,2023-04-26 22:44:13,11.0,,10.0,1022.89,5.348,2.0,0.0,23.5,41.0,74.5,50.5227557,-84.8112245,21.0,79.5,5.348,13.0,2023,4,26,22,0.89,27.0
5.800000000000011,42,25,5.800000000000011,128,2023-04-26 22:44:14,11.0,,10.0,1028.01,5.185,2.0,0.3,14.5,24.0,45.5,50.5227026,-84.8112037,19.0,73.0,5.185,13.0,2023,4,26,22,0.89,27.0
6.0,31,25,6.0,107,2023-04-26 22:44:15,11.0,,10.0,1032.61,4.757,2.0,0.87,1.0,,4.0,50.5226555,-84.8111791,17.5,66.0,4.757,13.0,2023,4,26,22,0.89,27.0
6.199999999999989,20,25,6.199999999999989,87,2023-04-26 22:44:16,11.0,,10.0,1036.73,4.308,2.0,1.17,3.0,,9.0,50.522615,-84.8111612,18.5,67.5,4.308,13.0,2023,4,26,22,0.89,27.0
6.199999999999989,9,25,6.199999999999989,66,2023-04-26 22:44:17,11.0,,10.0,1040.16,3.697,2.0,1.49,4.5,,14.5,50.5225779,-84.8111437,19.5,69.5,3.697,13.0,2023,4,26,22,0.89,27.0
6.399999999999977,0,25,6.399999999999977,0,2023-04-26 22:44:18,12.0,,10.0,1043.29,3.202,2.0,1.78,6.5,,19.5,50.5225467,-84.811127,20.5,71.0,3.202,13.0,2023,4,26,22,0.89,27.0
6.399999999999977,0,25,6.399999999999977,0,2023-04-26 22:44:19,12.0,,10.0,1045.76,2.658,2.0,1.97,8.5,,24.5,50.5225227,-84.8111206,21.5,73.0,2.658,13.0,2023,4,26,22,0.89,27.0
6.399999999999977,0,25,6.399999999999977,0,2023-04-26 22:44:20,12.0,,10.0,1047.99,2.345,2.0,2.05,10.5,,29.5,50.5224982,-84.8111206,22.5,75.0,2.345,13.0,2023,4,26,22,0.89,27.0
6.399999999999977,0,25,6.399999999999977,0,2023-04-26 22:44:21,12.0,,10.0,1049.89,2.005,2.0,1.99,12.0,,34.5,50.5224785,-84.8111233,23.5,76.5,2.005,13.0,2023,4,26,22,0.89,27.0
6.199999999999989,0,25,6.199999999999989,0,2023-04-26 22:44:22,12.0,,10.0,1051.82,1.952,2.0,1.74,14.0,,39.5,50.5224572,-84.8111297,24.5,78.5,1.952,13.0,2023,4,26,22,0.89,27.0
6.199999999999989,0,25,6.199999999999989,0,2023-04-26 22:44:23,12.0,,10.0,1053.66,1.87,2.0,0.92,16.0,,44.5,50.5224389,-84.8111324,25.0,80.0,1.87,13.0,2023,4,26,22,0.89,27.0
6.199999999999989,0,25,6.199999999999989,0,2023-04-26 22:44:24,12.0,,10.0,1055.43,1.789,2.0,0.08,18.0,,49.5,50.5224208,-84.8111415,26.0,82.0,1.789,13.0,2023,4,26,22,0.89,27.0
6.199999999999989,0,25,6.199999999999989,0,2023-04-26 22:44:25,12.0,,10.0,1056.63,1.217,2.0,-0.03,19.5,,54.5,50.5224038,-84.8111506,27.0,83.5,1.217,13.0,2023,4,26,22,0.89,27.0
6.199999999999989,0,25,6.199999999999989,0,2023-04-26 22:44:26,12.0,,10.0,1056.63,0.0,2.0,-0.58,21.5,,59.5,50.5223942,-84.811157,28.0,85.5,0.0,13.0,2023,4,26,22,0.89,27.0
6.199999999999989,0,25,6.199999999999989,0,2023-04-26 22:44:27,12.0,,10.0,1056.63,0.0,2.0,-0.54,23.5,,64.5,50.5223942,-84.811157,29.0,87.0,0.0,13.0,2023,4,26,22,0.89,27.0
6.0,0,25,6.0,0,2023-04-26 22:44:28,12.0,,10.0,1056.63,0.0,2.0,0.0,25.5,,70.0,50.5223942,-84.811157,30.0,89.0,0.0,13.0,2023,4,26,22,0.89,27.0
6.0,0,25,6.0,0,2023-04-26 22:44:29,12.0,,10.0,1056.63,0.0,1.0,0.0,27.0,,75.0,50.5223942,-84.811157,31.0,90.5,0.0,13.0,2023,4,26,22,0.89,27.0
6.0,0,25,6.0,0,2023-04-26 22:44:30,12.0,,10.0,1056.63,0.0,1.0,0.0,29.0,,80.0,50.5223942,-84.811157,32.0,92.5,0.0,13.0,2023,4,26,22,0.89,27.0
6.0,0,25,6.0,0,2023-04-26 22:44:33,12.0,,10.0,1057.64,3.159,1.0,0.0,34.5,,95.0,50.522343,-84.8111337,34.5,97.5,3.159,12.0,2023,4,26,22,0.89,27.0
5.800000000000011,38,25,5.800000000000011,92,2023-04-26 22:44:34,12.0,,10.0,1061.27,3.588,1.0,0.0,36.5,56.0,100.0,50.5223077,-84.8111138,35.5,99.5,3.588,12.0,2023,4,26,22,0.89,27.0
5.800000000000011,59,25,5.800000000000011,189,2023-04-26 22:44:35,12.0,,10.0,1065.71,4.082,2.0,0.0,31.5,54.0,96.0,50.5222666,-84.811085,35.5,99.0,4.082,12.0,2023,4,26,22,0.89,27.0
5.800000000000011,67,25,5.800000000000011,219,2023-04-26 22:44:36,12.0,,10.0,1070.09,4.363,2.0,0.0,27.0,52.0,92.0,50.522222,-84.8110583,35.0,98.5,4.363,12.0,2023,4,26,22,0.89,27.0
5.600000000000023,70,25,5.600000000000023,210,2023-04-26 22:44:37,12.0,,10.0,1074.23,4.256,2.0,0.0,22.5,57.0,83.5,50.5221799,-84.811034,32.5,97.5,4.256,12.0,2023,4,26,22,0.89,27.0
5.399999999999977,74,26,5.399999999999977,164,2023-04-26 22:44:38,12.0,,10.0,1078.37,4.058,2.0,0.0,19.0,62.0,72.0,50.5221405,-84.8110122,26.5,90.5,4.058,12.0,2023,4,26,22,0.89,27.0
5.399999999999977,71,26,5.399999999999977,151,2023-04-26 22:44:39,12.0,,10.0,1083.0,4.488,2.0,0.0,16.0,63.0,61.5,50.5220957,-84.8109878,17.5,66.5,4.488,12.0,2023,4,26,22,0.89,27.0
5.199999999999989,60,26,5.199999999999989,96,2023-04-26 22:44:40,12.0,,10.0,1088.16,5.017,2.0,0.0,17.0,64.0,65.5,50.5220413,-84.810967,16.5,64.0,5.017,12.0,2023,4,26,22,0.89,27.0
5.199999999999989,41,26,5.199999999999989,71,2023-04-26 22:44:41,12.0,,10.0,1093.5,5.271,2.0,-0.91,15.0,54.0,67.0,50.5219868,-84.8109397,15.5,61.0,5.271,12.0,2023,4,26,22,0.89,27.0
5.0,23,26,5.0,45,2023-04-26 22:44:42,12.0,,11.0,1098.91,5.377,2.0,-2.32,11.5,43.0,68.0,50.5219326,-84.8109126,14.5,57.5,5.377,12.0,2023,4,26,22,0.89,27.0
5.0,4,26,5.0,0,2023-04-26 22:44:43,12.0,,11.0,1104.46,5.5,2.0,-2.33,8.0,33.0,69.0,50.5218778,-84.8108852,14.0,54.5,5.5,12.0,2023,4,26,22,0.89,27.0
4.800000000000011,16,26,4.800000000000011,1,2023-04-26 22:44:44,12.0,,11.0,1110.04,5.556,2.0,-2.28,4.5,23.0,70.0,50.5218229,-84.8108577,13.0,51.0,5.556,12.0,2023,4,26,22,0.89,27.0
4.600000000000023,16,26,4.600000000000023,3,2023-04-26 22:44:45,12.0,,11.0,1115.19,5.263,2.0,-2.11,1.0,13.0,71.0,50.5217698,-84.8108306,12.0,48.0,5.263,12.0,2023,4,26,22,0.89,27.0
4.600000000000023,10,26,4.600000000000023,6,2023-04-26 22:44:46,12.0,,11.0,1119.78,4.765,2.0,-1.94,2.0,2.0,72.0,50.5217226,-84.810806,11.0,43.5,4.765,12.0,2023,4,26,22,0.89,27.0
4.399999999999977,3,26,4.399999999999977,0,2023-04-26 22:44:47,12.0,,11.0,1124.06,4.332,2.0,-1.86,4.0,9.0,72.5,50.5216804,-84.8107878,10.0,39.0,4.332,12.0,2023,4,26,22,0.89,27.0
4.199999999999989,0,26,4.199999999999989,0,2023-04-26 22:44:48,12.0,,12.0,1128.26,4.01,2.0,-1.86,6.5,20.0,73.5,50.5216362,-84.8107696,9.0,34.5,4.01,12.0,2023,4,26,22,0.89,27.0
4.199999999999989,0,26,4.199999999999989,0,2023-04-26 22:44:49,12.0,,12.0,1132.63,4.303,2.0,-1.91,8.5,31.0,74.5,50.521592,-84.8107512,7.5,29.5,4.303,12.0,2023,4,26,22,0.89,27.0
4.0,0,26,4.0,0,2023-04-26 22:44:50,12.0,,12.0,1137.83,5.415,2.0,-2.03,11.0,42.0,75.5,50.5215397,-84.8107279,6.5,25.0,5.415,12.0,2023,4,26,22,0.89,27.0
3.8000000000000114,0,26,3.8000000000000114,0,2023-04-26 22:44:51,12.0,,12.0,1143.92,6.343,2.0,-2.23,13.0,53.0,76.5,50.5214795,-84.8106942,5.0,20.5,6.343,12.0,2023,4,26,22,0.89,27.0
3.6000000000000227,0,26,3.6000000000000227,0,2023-04-26 22:44:52,12.0,,12.0,1149.76,5.941,3.0,-2.56,15.5,64.0,77.5,50.5214177,-84.8106697,4.0,16.0,5.941,12.0,2023,4,26,22,0.89,27.0
3.3999999999999773,0,26,3.3999999999999773,0,2023-04-26 22:44:53,12.0,,12.0,1155.01,5.2,3.0,-2.97,18.0,75.0,78.0,50.5213623,-84.8106497,3.0,11.5,5.2,12.0,2023,4,26,22,0.89,27.0
3.1999999999999886,0,26,3.1999999999999886,0,2023-04-26 22:44:54,12.0,,13.0,1160.34,4.976,3.0,-3.3,20.0,86.0,79.0,50.5213098,-84.8106192,1.5,6.5,4.976,12.0,2023,4,26,22,0.89,27.0
2.8000000000000114,71,26,2.8000000000000114,13,2023-04-26 22:44:55,12.0,,13.0,1166.35,5.271,3.0,-3.49,22.5,98.0,80.0,50.5212527,-84.8105794,0.5,2.0,5.271,12.0,2023,4,26,22,0.89,27.0
2.6000000000000227,77,26,2.6000000000000227,62,2023-04-26 22:44:56,12.0,,13.0,1172.82,5.83,3.0,-3.57,23.5,80.0,82.0,50.5211917,-84.8105344,4.0,15.5,5.83,12.0,2023,4,26,22,0.89,27.0
2.3999999999999773,78,26,2.3999999999999773,125,2023-04-26 22:44:57,12.0,,13.0,1180.28,6.217,3.0,-3.55,24.0,65.0,84.0,50.5211222,-84.8104889,11.5,45.0,6.217,12.0,2023,4,26,22,0.89,27.0
2.1999999999999886,82,26,2.1999999999999886,172,2023-04-26 22:44:58,12.0,,13.0,1187.88,6.149,3.0,-3.54,24.0,61.0,86.5,50.521049,-84.8104423,18.5,73.5,6.149,12.0,2023,4,26,22,0.89,27.0
2.0,83,26,2.0,185,2023-04-26 22:44:59,12.0,,14.0,1194.39,5.429,3.0,-3.51,23.0,62.0,83.0,50.5209863,-84.8103941,21.0,75.5,5.429,12.0,2023,4,26,22,0.89,27.0
1.8000000000000114,84,27,1.8000000000000114,199,2023-04-26 22:45:00,12.0,,14.0,1200.28,5.562,3.0,-3.4,22.0,55.0,79.0,50.520934,-84.8103426,23.5,77.5,5.562,12.0,2023,4,26,22,0.89,27.0
1.8000000000000114,85,27,1.8000000000000114,199,2023-04-26 22:45:01,12.0,,14.0,1206.79,6.426,3.0,-3.2,21.5,55.0,78.0,50.5208724,-84.8103026,23.0,80.0,6.426,12.0,2023,4,26,22,0.89,27.0
1.6000000000000227,86,27,1.6000000000000227,194,2023-04-26 22:45:02,12.0,,14.0,1213.47,6.61,3.0,-2.96,22.0,56.0,78.0,50.5208027,-84.8102753,20.5,82.0,6.61,12.0,2023,4,26,22,0.89,27.0
1.6000000000000227,88,27,1.6000000000000227,181,2023-04-26 22:45:03,12.0,,14.0,1220.46,6.907,3.0,-2.7,23.5,56.0,76.0,50.5207313,-84.810248,20.5,81.5,6.907,12.0,2023,4,26,22,0.89,27.0
1.3999999999999773,89,27,1.3999999999999773,179,2023-04-26 22:45:04,12.0,,14.0,1227.31,6.856,3.0,-2.48,24.5,52.0,77.5,50.5206616,-84.8102179,18.5,71.5,6.856,12.0,2023,4,26,22,0.89,27.0
1.1999999999999886,89,28,1.1999999999999886,209,2023-04-26 22:45:05,12.0,,15.0,1234.58,7.164,3.0,-2.33,24.5,52.0,78.0,50.5205886,-84.8101788,18.0,70.0,7.164,12.0,2023,4,26,22,0.89,27.0
1.1999999999999886,88,28,1.1999999999999886,220,2023-04-26 22:45:06,12.0,,15.0,1242.17,7.487,3.0,-2.1,24.5,54.0,78.0,50.5205146,-84.810136,18.5,71.5,7.487,12.0,2023,4,26,22,0.89,27.0
1.1999999999999886,86,28,1.1999999999999886,223,2023-04-26 22:45:07,12.0,,15.0,1249.67,7.49,3.0,-1.79,24.0,56.0,78.0,50.5204387,-84.8100997,19.0,72.5,7.49,12.0,2023,4,26,22,0.89,27.0
1.1999999999999886,86,28,1.1999999999999886,224,2023-04-26 22:45:08,12.0,,15.0,1256.93,7.32,3.0,-1.53,24.0,58.0,78.0,50.5203647,-84.810066,19.0,74.0,7.32,12.0,2023,4,26,22,0.89,27.0
1.1999999999999886,75,28,1.1999999999999886,203,2023-04-26 22:45:09,12.0,,15.0,1263.95,7.101,3.0,-1.3,24.0,55.0,78.0,50.5202899,-84.8100413,19.5,75.5,7.101,12.0,2023,4,26,22,0.89,27.0
1.1999999999999886,53,29,1.1999999999999886,168,2023-04-26 22:45:10,12.0,,15.0,1270.41,6.624,3.0,-0.71,24.5,57.0,81.0,50.5202229,-84.8100204,19.5,75.0,6.624,12.0,2023,4,26,22,0.89,27.0
1.0,35,29,1.0,125,2023-04-26 22:45:11,12.0,,15.0,1276.68,6.379,3.0,0.0,25.5,59.0,87.0,50.5201607,-84.8099905,19.0,73.0,6.379,12.0,2023,4,26,22,0.89,27.0
1.0,75,29,1.0,134,2023-04-26 22:45:12,12.0,,15.0,1282.53,5.957,3.0,0.0,26.5,60.0,92.5,50.5201015,-84.809962,18.5,71.5,5.957,12.0,2023,4,26,22,0.89,27.0
0.8000000000000114,83,29,0.8000000000000114,157,2023-04-26 22:45:13,12.0,,15.0,1288.61,6.047,3.0,0.0,26.5,56.0,89.5,50.5200373,-84.8099503,20.5,79.0,6.047,12.0,2023,4,26,22,0.89,27.0
0.8000000000000114,83,29,0.8000000000000114,256,2023-04-26 22:45:14,12.0,,15.0,1295.76,6.884,3.0,-0.2,26.5,51.0,87.0,50.5199611,-84.8099321,22.0,86.5,6.884,12.0,2023,4,26,22,0.89,27.0
0.8000000000000114,82,30,0.8000000000000114,253,2023-04-26 22:45:15,12.0,,15.0,1302.43,6.771,3.0,-0.54,25.5,51.0,83.0,50.5198907,-84.8099142,23.0,89.0,6.771,12.0,2023,4,26,22,0.89,27.0
0.8000000000000114,82,30,0.8000000000000114,250,2023-04-26 22:45:16,12.0,,15.0,1308.86,6.613,3.0,-0.61,24.0,51.0,79.5,50.5198235,-84.8098944,22.5,87.5,6.613,12.0,2023,4,26,22,0.89,27.0
0.8000000000000114,81,30,0.8000000000000114,245,2023-04-26 22:45:17,12.0,,15.0,1315.72,6.644,3.0,-0.69,23.0,52.0,82.0,50.5197515,-84.8098659,22.5,90.0,6.644,12.0,2023,4,26,22,0.89,27.0
0.6000000000000227,81,30,0.6000000000000227,240,2023-04-26 22:45:18,12.0,,15.0,1322.12,6.477,3.0,-0.8,22.5,53.0,81.0,50.5196881,-84.8098333,21.0,88.5,6.477,12.0,2023,4,26,22,0.89,27.0
0.6000000000000227,80,31,0.6000000000000227,242,2023-04-26 22:45:19,12.0,,15.0,1329.22,7.034,3.0,-0.52,25.0,57.0,89.0,50.5196166,-84.8097935,23.0,85.0,7.034,12.0,2023,4,26,22,0.89,27.0
0.6000000000000227,80,31,0.6000000000000227,242,2023-04-26 22:45:20,12.0,,15.0,1335.97,7.028,3.0,0.0,24.5,53.0,86.0,50.5195482,-84.8097674,24.0,85.5,7.028,12.0,2023,4,26,22,0.89,27.0
0.8000000000000114,80,31,0.8000000000000114,218,2023-04-26 22:45:21,12.0,,15.0,1343.07,6.837,3.0,0.0,21.0,55.0,78.0,50.5194763,-84.8097387,23.0,87.0,6.837,12.0,2023,4,26,22,0.89,27.0
0.8000000000000114,79,31,0.8000000000000114,207,2023-04-26 22:45:22,12.0,,15.0,1349.63,6.625,3.0,0.0,20.0,59.0,82.0,50.519408,-84.8097088,20.5,81.0,6.625,12.0,2023,4,26,22,0.89,27.0
0.8000000000000114,80,31,0.8000000000000114,210,2023-04-26 22:45:23,12.0,,15.0,1356.18,6.505,3.0,0.0,23.5,54.0,85.5,50.51934,-84.8096745,20.5,84.5,6.505,12.0,2023,4,26,22,0.89,27.0
0.8000000000000114,81,32,0.8000000000000114,231,2023-04-26 22:45:24,12.0,,15.0,1362.48,6.349,3.0,0.0,27.0,54.0,89.0,50.5192775,-84.8096445,21.0,87.5,6.349,12.0,2023,4,26,22,0.89,27.0
0.8000000000000114,81,32,0.8000000000000114,238,2023-04-26 22:45:25,12.0,,15.0,1368.45,6.074,3.0,0.0,25.0,55.0,88.0,50.5192185,-84.8096108,21.0,85.0,6.074,12.0,2023,4,26,22,0.89,27.0
0.8000000000000114,83,32,0.8000000000000114,237,2023-04-26 22:45:26,12.0,,15.0,1373.85,5.703,3.0,0.0,21.0,55.0,84.0,50.5191625,-84.8095845,21.0,80.0,5.703,12.0,2023,4,26,22,0.89,27.0
0.8000000000000114,84,32,0.8000000000000114,235,2023-04-26 22:45:27,12.0,,15.0,1378.91,5.453,3.0,0.0,21.5,56.0,81.0,50.5191116,-84.8095573,21.0,80.5,5.453,12.0,2023,4,26,22,0.89,27.0
1.0,85,33,1.0,212,2023-04-26 22:45:28,12.0,,15.0,1385.56,5.936,3.0,0.0,25.5,60.0,92.5,50.519048,-84.80952,21.5,84.5,5.936,12.0,2023,4,26,22,0.89,27.0
1.0,86,33,1.0,195,2023-04-26 22:45:29,12.0,,15.0,1392.29,6.551,3.0,0.0,22.5,55.0,85.0,50.5189799,-84.8094895,23.5,91.5,6.551,12.0,2023,4,26,22,0.89,27.0
0.8000000000000114,86,33,0.8000000000000114,176,2023-04-26 22:45:30,12.0,,15.0,1398.77,6.532,3.0,0.0,20.5,55.0,74.5,50.5189157,-84.8094509,22.0,85.5,6.532,12.0,2023,4,26,22,0.89,27.0
0.8000000000000114,85,33,0.8000000000000114,159,2023-04-26 22:45:31,12.0,,15.0,1405.63,6.771,3.0,0.0,19.5,56.0,67.0,50.518847,-84.8094078,19.0,72.0,6.771,12.0,2023,4,26,22,0.89,27.0
0.8000000000000114,84,33,0.8000000000000114,145,2023-04-26 22:45:32,12.0,,15.0,1412.84,7.114,3.0,0.0,19.5,58.0,64.5,50.5187759,-84.8093714,17.5,67.0,7.114,12.0,2023,4,26,22,0.89,27.0
1.0,83,33,1.0,140,2023-04-26 22:45:33,12.0,,15.0,1420.61,7.608,3.0,0.0,19.5,59.0,69.5,50.5186986,-84.8093376,17.0,64.5,7.608,11.0,2023,4,26,22,0.89,27.0
1.0,83,33,1.0,136,2023-04-26 22:45:34,12.0,,15.0,1428.02,7.474,3.0,0.0,19.0,63.0,75.0,50.5186217,-84.8093105,16.5,62.0,7.474,11.0,2023,4,26,22,0.89,27.0
1.0,76,34,1.0,131,2023-04-26 22:45:35,12.0,,15.0,1435.07,7.169,3.0,0.0,19.5,70.0,79.0,50.5185461,-84.8092834,17.5,64.5,7.169,11.0,2023,4,26,22,0.89,27.0
1.0,54,34,1.0,105,2023-04-26 22:45:36,12.0,,15.0,1442.09,7.056,3.0,0.0,20.5,77.0,82.0,50.5184744,-84.8092586,20.5,70.5,7.056,11.0,2023,4,26,22,0.89,27.0
1.0,31,34,1.0,80,2023-04-26 22:45:37,12.0,,15.0,1448.58,6.594,3.0,0.0,21.5,84.0,85.0,50.5184083,-84.8092376,23.0,76.5,6.594,11.0,2023,4,26,22,0.89,27.0
1.0,9,34,1.0,54,2023-04-26 22:45:38,12.0,,15.0,1454.17,5.822,3.0,0.0,22.5,92.0,88.0,50.5183503,-84.8092102,25.5,82.5,5.822,11.0,2023,4,26,22,0.89,27.0
1.0,9,34,1.0,16,2023-04-26 22:45:39,12.0,,15.0,1459.95,5.794,3.0,0.0,23.5,99.0,91.5,50.518294,-84.8091772,28.5,89.0,5.794,11.0,2023,4,26,22,0.89,27.0
1.0,34,34,1.0,83,2023-04-26 22:45:40,12.0,,15.0,1466.49,6.394,3.0,0.0,24.5,67.0,94.5,50.5182344,-84.8091272,31.0,95.0,6.394,11.0,2023,4,26,22,0.89,27.0
1.0,79,34,1.0,246,2023-04-26 22:45:41,12.0,,15.0,1474.5,7.597,3.0,0.0,25.0,50.0,95.0,50.5181624,-84.8090631,33.0,99.0,7.597,11.0,2023,4,26,22,0.89,27.0
1.0,96,35,1.0,413,2023-04-26 22:45:42,12.0,,15.0,1484.34,9.276,3.0,0.0,24.0,47.0,91.0,50.5180684,-84.8089992,32.5,99.5,9.276,11.0,2023,4,26,22,0.89,27.0
1.0,94,35,1.0,579,2023-04-26 22:45:43,12.0,,15.0,1494.33,9.864,3.0,0.0,23.5,44.0,87.0,50.5179703,-84.8089412,32.5,99.5,9.864,11.0,2023,4,26,22,0.89,27.0
0.8000000000000114,80,36,0.8000000000000114,413,2023-04-26 22:45:44,12.0,,15.0,1503.5,9.407,3.0,0.0,23.0,35.0,83.0,50.5178769,-84.8088936,32.0,100.0,9.407,11.0,2023,4,26,22,0.89,27.0
0.6000000000000227,58,36,0.6000000000000227,294,2023-04-26 22:45:45,12.0,,15.0,1512.19,8.847,3.0,0.0,22.5,33.0,81.0,50.5177933,-84.8088338,30.5,96.5,8.847,11.0,2023,4,26,22,0.89,27.0
0.6000000000000227,36,36,0.6000000000000227,174,2023-04-26 22:45:46,12.0,,15.0,1520.32,8.236,3.0,0.0,23.0,33.0,82.0,50.51773,-84.8087545,27.0,87.0,8.236,11.0,2023,4,26,22,0.89,27.0
0.6000000000000227,62,36,0.6000000000000227,131,2023-04-26 22:45:47,12.0,,15.0,1528.73,8.377,3.0,0.0,23.5,34.0,83.5,50.5176736,-84.8086635,23.5,77.0,8.377,11.0,2023,4,26,22,0.89,27.0
0.6000000000000227,76,36,0.6000000000000227,122,2023-04-26 22:45:48,12.0,,15.0,1536.83,8.161,3.0,0.0,24.5,60.0,84.5,50.5176209,-84.8085726,19.5,67.5,8.161,11.0,2023,4,26,22,0.89,27.0
0.6000000000000227,75,36,0.6000000000000227,170,2023-04-26 22:45:49,12.0,,15.0,1544.57,7.868,3.0,0.0,24.0,61.0,83.5,50.5175635,-84.8084875,19.5,68.5,7.868,11.0,2023,4,26,22,0.89,27.0
0.6000000000000227,74,36,0.6000000000000227,174,2023-04-26 22:45:50,12.0,,15.0,1551.84,7.404,3.0,0.0,22.5,57.0,81.0,50.5175077,-84.8084148,22.0,77.0,7.404,11.0,2023,4,26,22,0.89,27.0
0.6000000000000227,79,37,0.6000000000000227,160,2023-04-26 22:45:51,12.0,,15.0,1558.96,7.183,3.0,0.0,21.5,54.0,78.5,50.5174506,-84.808344,24.0,84.5,7.183,11.0,2023,4,26,22,0.89,27.0
0.8000000000000114,67,37,0.8000000000000114,129,2023-04-26 22:45:52,12.0,,15.0,1565.84,6.942,3.0,0.0,20.0,51.0,72.5,50.5174007,-84.8082778,22.5,80.5,6.942,11.0,2023,4,26,22,0.89,27.0
0.8000000000000114,46,37,0.8000000000000114,90,2023-04-26 22:45:53,12.0,,15.0,1572.27,6.579,3.0,0.0,18.5,57.0,66.5,50.5173522,-84.808208,21.0,76.0,6.579,11.0,2023,4,26,22,0.89,27.0
1.0,24,37,1.0,51,2023-04-26 22:45:54,12.0,,15.0,1578.16,6.068,3.0,0.0,18.5,64.0,65.5,50.5173105,-84.808144,18.5,75.0,6.068,11.0,2023,4,26,22,0.89,27.0
1.1999999999999886,3,37,1.1999999999999886,0,2023-04-26 22:45:55,12.0,,15.0,1583.16,5.258,3.0,0.0,19.5,71.0,67.5,50.5172774,-84.8080831,15.0,76.0,5.258,11.0,2023,4,26,22,0.89,27.0
1.3999999999999773,0,37,1.3999999999999773,0,2023-04-26 22:45:56,12.0,,15.0,1588.0,4.951,3.0,0.0,20.5,77.0,70.0,50.5172413,-84.8080314,12.0,77.0,4.951,11.0,2023,4,26,22,0.89,27.0
1.3999999999999773,6,37,1.3999999999999773,7,2023-04-26 22:45:57,12.0,,15.0,1593.02,4.988,3.0,0.0,21.5,84.0,72.5,50.5172018,-84.8079854,8.5,78.0,4.988,11.0,2023,4,26,22,0.89,27.0
1.3999999999999773,18,37,1.3999999999999773,30,2023-04-26 22:45:58,12.0,,15.0,1598.2,5.145,3.0,0.0,23.0,91.0,74.5,50.5171549,-84.8079425,5.5,78.5,5.145,11.0,2023,4,26,22,0.89,27.0
1.6000000000000227,26,37,1.6000000000000227,60,2023-04-26 22:45:59,12.0,,15.0,1603.64,5.378,3.0,0.0,24.0,97.0,77.0,50.5171028,-84.8079115,2.0,79.5,5.378,11.0,2023,4,26,22,0.89,27.0
1.6000000000000227,52,37,1.6000000000000227,86,2023-04-26 22:46:00,12.0,,15.0,1609.23,5.525,2.0,0.0,24.5,90.0,79.0,50.5170449,-84.8079036,3.0,80.5,5.525,11.0,2023,4,26,22,0.89,27.0
1.6000000000000227,58,37,1.6000000000000227,105,2023-04-26 22:46:01,12.0,,15.0,1614.39,5.256,2.0,0.0,25.0,73.0,80.0,50.5169928,-84.8079296,12.0,81.5,5.256,11.0,2023,4,26,22,0.89,27.0
1.6000000000000227,68,37,1.6000000000000227,136,2023-04-26 22:46:02,12.0,,15.0,1619.6,5.22,2.0,0.0,25.0,58.0,81.5,50.5169446,-84.8079726,21.0,82.5,5.22,11.0,2023,4,26,22,0.89,27.0
1.6000000000000227,69,37,1.6000000000000227,146,2023-04-26 22:46:03,12.0,,15.0,1625.19,5.501,2.0,0.0,24.0,54.0,79.0,50.5168925,-84.8080116,22.5,82.0,5.501,11.0,2023,4,26,22,0.89,27.0
1.6000000000000227,70,37,1.6000000000000227,155,2023-04-26 22:46:04,12.0,,15.0,1630.52,5.371,2.0,0.0,23.0,54.0,76.5,50.5168474,-84.8080593,23.0,81.5,5.371,11.0,2023,4,26,22,0.89,27.0
1.6000000000000227,76,38,1.6000000000000227,155,2023-04-26 22:46:05,12.0,,15.0,1636.12,5.559,2.0,0.0,22.0,56.0,74.0,50.5168016,-84.8081116,23.0,80.5,5.559,11.0,2023,4,26,22,0.89,27.0
1.8000000000000114,78,38,1.8000000000000114,150,2023-04-26 22:46:06,12.0,,15.0,1641.96,5.775,2.0,0.0,21.5,58.0,74.0,50.5167522,-84.8081597,22.0,78.0,5.775,11.0,2023,4,26,22,0.89,27.0
1.8000000000000114,80,38,1.8000000000000114,150,2023-04-26 22:46:07,12.0,,15.0,1648.16,6.149,2.0,0.0,21.0,59.0,74.0,50.5166951,-84.8082111,21.0,75.0,6.149,11.0,2023,4,26,22,0.89,27.0
2.0,82,38,2.0,146,2023-04-26 22:46:08,12.0,,15.0,1654.42,6.148,2.0,0.0,19.5,60.0,71.5,50.5166396,-84.80826,19.5,71.0,6.148,11.0,2023,4,26,22,0.89,27.0
2.0,78,38,2.0,135,2023-04-26 22:46:09,12.0,,15.0,1660.75,6.3,2.0,0.0,17.0,64.0,64.0,50.5165868,-84.8083165,18.0,66.0,6.3,11.0,2023,4,26,22,0.89,27.0
2.0,77,38,2.0,121,2023-04-26 22:46:10,12.0,,15.0,1667.26,6.436,2.0,0.0,17.5,71.0,66.0,50.5165362,-84.8083809,17.5,63.0,6.436,11.0,2023,4,26,22,0.89,27.0
2.0,76,38,2.0,112,2023-04-26 22:46:11,12.0,,15.0,1673.84,6.546,2.0,0.0,18.0,69.0,68.0,50.5164844,-84.8084451,16.5,60.0,6.546,11.0,2023,4,26,22,0.89,27.0
2.0,76,38,2.0,120,2023-04-26 22:46:12,12.0,,15.0,1680.47,6.598,2.0,0.0,18.0,64.0,69.0,50.5164312,-84.8085114,16.5,59.5,6.598,11.0,2023,4,26,22,0.89,27.0
2.0,77,39,2.0,123,2023-04-26 22:46:13,12.0,,15.0,1687.14,6.65,2.0,0.0,18.5,58.0,69.5,50.5163798,-84.8085815,17.0,60.5,6.65,11.0,2023,4,26,22,0.89,27.0
2.0,78,39,2.0,123,2023-04-26 22:46:14,12.0,,15.0,1693.83,6.721,2.0,0.0,19.0,54.0,70.5,50.5163245,-84.808642,17.0,61.0,6.721,11.0,2023,4,26,22,0.89,27.0
2.0,80,39,2.0,137,2023-04-26 22:46:15,12.0,,15.0,1700.41,6.698,2.0,0.0,19.5,55.0,71.0,50.5162678,-84.8086978,17.5,62.0,6.698,11.0,2023,4,26,22,0.89,27.0
1.8000000000000114,80,39,1.8000000000000114,144,2023-04-26 22:46:16,12.0,,15.0,1707.26,6.743,2.0,0.0,19.0,56.0,68.0,50.5162111,-84.80876,19.5,69.0,6.743,11.0,2023,4,26,22,0.89,27.0
1.8000000000000114,80,39,1.8000000000000114,136,2023-04-26 22:46:17,12.0,,15.0,1713.93,6.668,2.0,0.0,19.5,60.0,68.5,50.5161525,-84.8088165,19.0,72.0,6.668,11.0,2023,4,26,22,0.89,27.0
1.6000000000000227,80,39,1.6000000000000227,121,2023-04-26 22:46:18,12.0,,15.0,1720.95,6.88,2.0,0.0,19.5,64.0,68.5,50.516093,-84.8088821,17.5,66.5,6.88,11.0,2023,4,26,22,0.89,27.0
1.6000000000000227,80,39,1.6000000000000227,105,2023-04-26 22:46:19,12.0,,15.0,1727.8,6.801,2.0,0.0,17.5,64.0,63.5,50.5160358,-84.808943,16.0,54.5,6.801,11.0,2023,4,26,22,0.89,27.0
1.6000000000000227,80,39,1.6000000000000227,108,2023-04-26 22:46:20,12.0,,15.0,1734.76,6.81,2.0,0.0,17.0,59.0,60.0,50.5159752,-84.8089998,16.0,54.5,6.81,11.0,2023,4,26,22,0.89,27.0
1.6000000000000227,80,40,1.6000000000000227,127,2023-04-26 22:46:21,12.0,,15.0,1741.63,6.82,2.0,0.0,19.5,60.0,68.5,50.5159209,-84.8090657,17.0,59.5,6.82,11.0,2023,4,26,22,0.89,27.0
1.6000000000000227,81,40,1.6000000000000227,147,2023-04-26 22:46:22,12.0,,15.0,1748.58,6.864,2.0,0.0,21.5,61.0,74.5,50.5158655,-84.8091354,18.0,66.0,6.864,11.0,2023,4,26,22,0.89,27.0
1.3999999999999773,82,40,1.3999999999999773,163,2023-04-26 22:46:23,12.0,,15.0,1755.86,6.948,2.0,0.0,23.0,58.0,79.0,50.5158052,-84.809203,18.5,73.5,6.948,11.0,2023,4,26,22,0.89,27.0
1.3999999999999773,82,40,1.3999999999999773,171,2023-04-26 22:46:24,12.0,,15.0,1762.99,6.97,2.0,0.0,24.5,57.0,82.5,50.5157477,-84.8092727,19.0,79.5,6.97,11.0,2023,4,26,22,0.89,27.0
1.3999999999999773,83,40,1.3999999999999773,170,2023-04-26 22:46:25,12.0,,15.0,1770.26,7.038,2.0,0.0,24.0,62.0,82.5,50.5156911,-84.8093399,18.5,74.0,7.038,11.0,2023,4,26,22,0.89,27.0
1.3999999999999773,84,40,1.3999999999999773,161,2023-04-26 22:46:26,12.0,,15.0,1777.58,7.18,2.0,0.0,22.0,60.0,77.0,50.5156323,-84.8094123,18.5,73.5,7.18,10.0,2023,4,26,22,0.89,27.0
1.3999999999999773,83,41,1.3999999999999773,156,2023-04-26 22:46:27,12.0,,15.0,1784.92,7.293,2.0,0.0,20.0,60.0,75.5,50.5155735,-84.8094846,19.0,72.5,7.293,10.0,2023,4,26,22,0.89,27.0
1.3999999999999773,81,41,1.3999999999999773,155,2023-04-26 22:46:28,12.0,,15.0,1792.47,7.356,2.0,0.0,18.5,63.0,74.5,50.5155139,-84.8095607,19.5,72.5,7.356,10.0,2023,4,26,22,0.89,27.0
1.3999999999999773,75,41,1.3999999999999773,155,2023-04-26 22:46:29,12.0,,15.0,1799.96,7.321,2.0,0.0,17.5,68.0,70.0,50.5154567,-84.8096391,20.0,74.5,7.321,10.0,2023,4,26,22,0.89,27.0
1.3999999999999773,58,41,1.3999999999999773,142,2023-04-26 22:46:30,12.0,,15.0,1807.15,7.211,2.0,0.0,17.0,,65.5,50.5154027,-84.8097111,20.0,76.5,7.211,10.0,2023,4,26,22,0.89,27.0
1.3999999999999773,39,41,1.3999999999999773,127,2023-04-26 22:46:31,12.0,,15.0,1814.47,7.058,2.0,0.0,16.0,,61.0,50.515347,-84.8097853,20.5,78.5,7.058,10.0,2023,4,26,22,0.89,27.0
1.6000000000000227,21,41,1.6000000000000227,112,2023-04-26 22:46:32,12.0,,15.0,1821.4,6.868,2.0,0.0,,,,50.5152952,-84.8098579,,,6.868,10.0,2023,4,26,22,0.89,27.0
1.6000000000000227,2,41,1.6000000000000227,0,2023-04-26 22:46:33,12.0,,15.0,1828.27,6.66,2.0,0.0,,,,50.5152481,-84.8099311,,,6.66,10.0,2023,4,26,22,0.89,27.0
1.6000000000000227,0,41,1.6000000000000227,0,2023-04-26 22:46:34,12.0,,15.0,1834.86,6.479,2.0,0.0,,,,50.5152009,-84.8100035,,,6.479,10.0,2023,4,26,22,0.89,27.0
1.8000000000000114,0,41,1.8000000000000114,0,2023-04-26 22:46:35,12.0,,15.0,1841.32,6.298,2.0,0.0,,,,50.5151577,-84.8100778,,,6.298,10.0,2023,4,26,22,0.89,27.0
1.8000000000000114,0,41,1.8000000000000114,0,2023-04-26 22:46:36,12.0,,15.0,1847.62,6.23,2.0,0.0,,,,50.5151139,-84.8101473,,,6.23,10.0,2023,4,26,22,0.89,27.0
1.8000000000000114,0,41,1.8000000000000114,0,2023-04-26 22:46:37,12.0,,15.0,1853.71,6.072,2.0,0.0,,,,50.5150745,-84.8102135,,,6.072,10.0,2023,4,26,22,0.89,27.0
1.8000000000000114,0,41,1.8000000000000114,0,2023-04-26 22:46:38,12.0,,15.0,1859.65,5.774,2.0,0.0,,,,50.5150377,-84.8102842,,,5.774,10.0,2023,4,26,22,0.89,27.0
2.0,0,41,2.0,0,2023-04-26 22:46:39,12.0,,15.0,1865.08,5.154,2.0,0.0,,,,50.5150044,-84.8103472,,,5.154,10.0,2023,4,26,22,0.89,27.0
2.0,0,41,2.0,0,2023-04-26 22:46:40,12.0,,15.0,1869.64,4.373,2.0,0.0,,,,50.5149801,-84.8104072,,,4.373,10.0,2023,4,26,22,0.89,27.0
2.0,0,41,2.0,0,2023-04-26 22:46:41,12.0,,15.0,1873.19,2.829,2.0,0.0,,,,50.514963,-84.8104546,,,2.829,10.0,2023,4,26,22,0.89,27.0
2.0,0,41,2.0,0,2023-04-26 22:46:42,12.0,,15.0,1874.8,0.902,2.0,0.0,,,,50.5149531,-84.8104769,,,0.902,10.0,2023,4,26,22,0.89,27.0
2.1999999999999886,0,41,2.1999999999999886,0,2023-04-26 22:46:59,12.0,,15.0,1875.4,2.053,2.0,0.0,,,,50.5149336,-84.810561,,,2.053,10.0,2023,4,26,22,0.89,27.0
2.1999999999999886,7,41,2.1999999999999886,17,2023-04-26 22:47:00,12.0,,15.0,1877.59,2.8,2.0,0.0,,,,50.5149136,-84.8105792,,,2.8,10.0,2023,4,26,22,0.89,27.0
2.1999999999999886,22,41,2.1999999999999886,57,2023-04-26 22:47:01,12.0,,15.0,1881.07,3.452,2.0,0.0,21.5,61.0,99.0,50.514892,-84.8106147,0.0,0.0,3.452,10.0,2023,4,26,22,0.89,27.0
2.1999999999999886,32,41,2.1999999999999886,100,2023-04-26 22:47:02,12.0,,15.0,1884.99,4.089,2.0,0.0,29.0,60.0,99.5,50.5148695,-84.8106623,15.5,48.0,4.089,10.0,2023,4,26,22,0.89,27.0
2.1999999999999886,45,41,2.1999999999999886,192,2023-04-26 22:47:03,12.0,,15.0,1889.17,4.542,2.0,0.0,36.5,58.0,100.0,50.5148467,-84.8107167,31.5,96.5,4.542,10.0,2023,4,26,22,0.89,27.0
2.1999999999999886,54,42,2.1999999999999886,220,2023-04-26 22:47:04,12.0,,15.0,1894.09,4.908,2.0,0.0,30.0,57.0,98.5,50.5148183,-84.8107803,34.0,99.5,4.908,10.0,2023,4,26,22,0.89,27.0
2.1999999999999886,59,42,2.1999999999999886,229,2023-04-26 22:47:05,12.0,,15.0,1898.95,4.783,2.0,0.0,28.5,54.0,96.5,50.5147908,-84.8108379,35.5,99.0,4.783,10.0,2023,4,26,22,0.89,27.0
2.1999999999999886,62,42,2.1999999999999886,203,2023-04-26 22:47:06,12.0,,15.0,1904.11,5.393,2.0,0.0,28.5,60.0,92.0,50.514761,-84.8109016,31.5,95.5,5.393,10.0,2023,4,26,22,0.89,27.0
2.0,67,42,2.0,216,2023-04-26 22:47:07,12.0,,15.0,1909.76,5.764,2.0,0.0,27.5,63.0,88.0,50.5147248,-84.8109674,22.5,90.0,5.764,10.0,2023,4,26,22,0.89,27.0
2.0,72,43,2.0,243,2023-04-26 22:47:08,12.0,,15.0,1915.62,5.85,2.0,0.0,34.0,56.0,99.0,50.5146884,-84.8110378,22.5,99.0,5.85,10.0,2023,4,26,22,0.89,27.0
2.0,74,43,2.0,265,2023-04-26 22:47:09,12.0,,15.0,1921.5,6.024,2.0,0.0,24.5,48.0,85.0,50.5146532,-84.8111039,31.5,99.5,6.024,10.0,2023,4,26,22,0.89,27.0
1.8000000000000114,76,43,1.8000000000000114,215,2023-04-26 22:47:10,12.0,,15.0,1927.53,6.23,2.0,0.0,21.0,50.0,78.0,50.5146207,-84.8111803,32.5,98.0,6.23,10.0,2023,4,26,22,0.89,27.0
1.8000000000000114,79,43,1.8000000000000114,227,2023-04-26 22:47:11,12.0,,15.0,1934.1,6.854,2.0,0.0,20.5,54.0,74.0,50.5145869,-84.8112704,29.0,96.0,6.854,10.0,2023,4,26,22,0.89,27.0
1.8000000000000114,80,43,1.8000000000000114,230,2023-04-26 22:47:12,12.0,,15.0,1940.96,6.86,2.0,0.0,19.5,52.0,70.5,50.5145572,-84.8113594,26.0,93.5,6.86,10.0,2023,4,26,22,0.89,27.0
1.6000000000000227,81,44,1.6000000000000227,212,2023-04-26 22:47:13,12.0,,15.0,1947.74,6.843,2.0,0.0,19.0,43.0,66.5,50.5145233,-84.8114429,22.5,91.5,6.843,10.0,2023,4,26,22,0.89,27.0
1.6000000000000227,80,44,1.6000000000000227,175,2023-04-26 22:47:14,12.0,,15.0,1954.43,6.758,2.0,0.0,17.0,45.0,64.0,50.5144935,-84.8115323,18.0,82.5,6.758,10.0,2023,4,26,22,0.89,27.0
1.3999999999999773,78,44,1.3999999999999773,122,2023-04-26 22:47:15,12.0,,15.0,1961.31,6.763,2.0,0.0,18.0,47.0,65.5,50.5144567,-84.8116153,17.0,70.5,6.763,10.0,2023,4,26,22,0.89,27.0
1.3999999999999773,71,44,1.3999999999999773,111,2023-04-26 22:47:16,12.0,,15.0,1967.75,6.415,2.0,0.0,18.0,49.0,64.0,50.5144205,-84.8116944,17.0,63.0,6.415,10.0,2023,4,26,22,0.89,27.0
1.3999999999999773,53,44,1.3999999999999773,95,2023-04-26 22:47:17,12.0,,15.0,1974.12,6.248,2.0,0.0,15.0,51.0,56.0,50.5143835,-84.8117708,16.5,62.5,6.248,10.0,2023,4,26,22,0.89,27.0
1.3999999999999773,36,44,1.3999999999999773,80,2023-04-26 22:47:18,12.0,,15.0,1980.4,6.165,2.0,0.0,11.5,53.0,48.0,50.5143491,-84.8118541,16.0,62.5,6.165,10.0,2023,4,26,22,0.89,27.0
1.3999999999999773,18,44,1.3999999999999773,65,2023-04-26 22:47:19,12.0,,15.0,1986.36,6.039,2.0,0.0,13.5,55.0,52.5,50.5143193,-84.8119306,14.5,56.0,6.039,10.0,2023,4,26,22,0.89,27.0
1.3999999999999773,1,44,1.3999999999999773,0,2023-04-26 22:47:20,12.0,,15.0,1991.89,5.895,2.0,0.0,15.5,57.0,58.0,50.5142861,-84.8119952,12.5,49.0,5.895,10.0,2023,4,26,22,0.89,27.0
1.3999999999999773,0,44,1.3999999999999773,0,2023-04-26 22:47:21,12.0,,15.0,1997.22,5.31,2.0,0.0,17.5,59.0,63.5,50.5142593,-84.8120645,11.0,42.0,5.31,10.0,2023,4,26,22,0.89,27.0
1.3999999999999773,0,44,1.3999999999999773,0,2023-04-26 22:47:22,12.0,,15.0,2002.39,4.802,2.0,0.0,19.5,61.0,68.5,50.5142332,-84.8121279,9.0,35.0,4.802,10.0,2023,4,26,22,0.89,27.0
1.3999999999999773,0,44,1.3999999999999773,0,2023-04-26 22:47:23,12.0,,15.0,2007.21,4.373,2.0,0.0,21.5,60.0,74.0,50.51421,-84.8121905,7.0,28.0,4.373,10.0,2023,4,26,22,0.89,27.0
1.3999999999999773,0,44,1.3999999999999773,0,2023-04-26 22:47:24,12.0,,15.0,2011.69,4.284,2.0,0.0,23.5,59.0,79.5,50.5141872,-84.8122452,5.5,21.0,4.284,10.0,2023,4,26,22,0.89,27.0
1.6000000000000227,6,44,1.6000000000000227,8,2023-04-26 22:47:25,12.0,,15.0,2016.12,4.467,2.0,0.0,25.5,58.0,84.5,50.5141659,-84.8123033,3.5,14.5,4.467,10.0,2023,4,26,22,0.89,27.0
1.6000000000000227,34,44,1.6000000000000227,44,2023-04-26 22:47:26,12.0,,15.0,2021.32,5.159,2.0,0.0,27.5,57.0,90.0,50.5141463,-84.812377,2.0,7.5,5.159,10.0,2023,4,26,22,0.89,27.0
1.6000000000000227,57,44,1.6000000000000227,108,2023-04-26 22:47:27,12.0,,15.0,2027.12,5.779,2.0,0.0,29.5,56.0,95.5,50.5141236,-84.8124519,0.0,0.5,5.779,10.0,2023,4,26,22,0.89,27.0
1.3999999999999773,69,45,1.3999999999999773,188,2023-04-26 22:47:28,12.0,,15.0,2033.7,6.356,2.0,0.0,30.0,55.0,96.5,50.5140969,-84.8125375,8.0,25.0,6.356,10.0,2023,4,26,22,0.89,27.0
1.3999999999999773,75,45,1.3999999999999773,362,2023-04-26 22:47:29,12.0,,15.0,2040.77,6.756,2.0,0.0,31.0,54.0,97.5,50.5140609,-84.8126275,16.0,52.0,6.756,10.0,2023,4,26,22,0.89,27.0
1.1999999999999886,80,45,1.1999999999999886,386,2023-04-26 22:47:30,12.0,,15.0,2047.91,6.972,2.0,0.0,31.5,53.0,98.5,50.5140246,-84.8127182,24.5,78.5,6.972,10.0,2023,4,26,22,0.89,27.0
1.1999999999999886,82,46,1.1999999999999886,364,2023-04-26 22:47:31,12.0,,15.0,2055.17,7.101,2.0,0.0,31.0,54.0,97.5,50.5139884,-84.8128111,30.5,98.5,7.101,10.0,2023,4,26,22,0.89,27.0
1.3999999999999773,85,46,1.3999999999999773,319,2023-04-26 22:47:32,12.0,,15.0,2062.63,7.25,2.0,0.0,25.5,56.0,89.5,50.5139519,-84.812909,28.5,95.0,7.25,10.0,2023,4,26,22,0.89,27.0
1.3999999999999773,85,46,1.3999999999999773,267,2023-04-26 22:47:33,12.0,,15.0,2070.02,7.405,2.0,0.0,25.5,58.0,90.5,50.5139143,-84.8130026,25.0,88.5,7.405,10.0,2023,4,26,22,0.89,27.0
1.1999999999999886,84,46,1.1999999999999886,224,2023-04-26 22:47:34,12.0,,15.0,2077.67,7.469,2.0,0.0,23.5,57.0,85.5,50.5138733,-84.8131027,25.0,89.0,7.469,10.0,2023,4,26,22,0.89,27.0
1.1999999999999886,82,47,1.1999999999999886,217,2023-04-26 22:47:35,12.0,,15.0,2085.23,7.456,2.0,0.0,21.0,54.0,78.0,50.5138335,-84.8132006,26.0,92.0,7.456,10.0,2023,4,26,22,0.89,27.0
1.1999999999999886,82,47,1.1999999999999886,198,2023-04-26 22:47:36,12.0,,15.0,2092.72,7.445,2.0,0.0,19.0,54.0,70.5,50.5137983,-84.8132937,25.5,90.0,7.445,10.0,2023,4,26,22,0.89,27.0
1.1999999999999886,81,47,1.1999999999999886,147,2023-04-26 22:47:37,12.0,,15.0,2099.93,7.397,2.0,0.0,20.0,59.0,64.0,50.5137657,-84.81339,18.0,71.0,7.397,10.0,2023,4,26,22,0.89,27.0
1.1999999999999886,62,47,1.1999999999999886,132,2023-04-26 22:47:38,12.0,,15.0,2107.2,7.249,2.0,0.0,18.5,60.0,62.5,50.5137265,-84.8134863,14.0,54.0,7.249,10.0,2023,4,26,22,0.89,27.0
1.3999999999999773,38,47,1.3999999999999773,117,2023-04-26 22:47:39,12.0,,15.0,2114.84,7.033,2.0,0.0,16.0,61.0,,50.513689,-84.8135829,13.0,49.5,7.033,10.0,2023,4,26,22,0.89,27.0
1.3999999999999773,13,47,1.3999999999999773,102,2023-04-26 22:47:40,12.0,,15.0,2121.77,6.793,2.0,0.0,13.0,58.0,,50.5136576,-84.8136732,12.5,49.0,6.793,10.0,2023,4,26,22,0.89,27.0
1.3999999999999773,0,47,1.3999999999999773,0,2023-04-26 22:47:41,12.0,,15.0,2128.56,6.62,2.0,0.0,10.5,51.0,,50.5136273,-84.8137617,12.5,49.0,6.62,10.0,2023,4,26,22,0.89,27.0
1.3999999999999773,0,47,1.3999999999999773,0,2023-04-26 22:47:42,12.0,,15.0,2135.17,6.325,2.0,0.0,7.5,44.0,,50.5135972,-84.8138483,12.5,48.5,6.325,10.0,2023,4,26,22,0.89,27.0
1.3999999999999773,14,47,1.3999999999999773,3,2023-04-26 22:47:43,12.0,,15.0,2141.34,5.743,2.0,0.0,5.0,37.0,,50.5135676,-84.8139301,12.5,48.5,5.743,10.0,2023,4,26,22,0.89,27.0
1.3999999999999773,80,47,1.3999999999999773,10,2023-04-26 22:47:44,12.0,,15.0,2147.1,4.981,2.0,0.0,2.0,30.0,,50.5135401,-84.8140039,12.0,48.0,4.981,10.0,2023,4,26,22,0.89,27.0
1.6000000000000227,58,47,1.6000000000000227,11,2023-04-26 22:47:45,12.0,,15.0,2151.54,3.84,2.0,0.0,0.5,23.0,,50.5135174,-84.8140558,12.0,48.5,3.84,10.0,2023,4,26,22,0.89,27.0
1.6000000000000227,35,47,1.6000000000000227,11,2023-04-26 22:47:46,12.0,,15.0,2154.88,2.824,2.0,0.0,1.5,16.0,,50.5134973,-84.8140987,13.0,51.0,2.824,10.0,2023,4,26,22,0.89,27.0
1.6000000000000227,12,47,1.6000000000000227,11,2023-04-26 22:47:47,12.0,,15.0,2157.23,1.927,2.0,0.0,3.0,9.0,,50.5134836,-84.8141297,14.0,53.5,1.927,10.0,2023,4,26,22,0.89,27.0
1.6000000000000227,0,47,1.6000000000000227,0,2023-04-26 22:47:48,12.0,,15.0,2158.88,1.378,2.0,0.0,4.5,2.0,,50.5134727,-84.8141466,14.5,55.5,1.378,10.0,2023,4,26,22,0.89,27.0
1.6000000000000227,0,47,1.6000000000000227,0,2023-04-26 22:47:49,12.0,,15.0,2160.02,1.036,2.0,0.0,5.5,3.0,,50.5134681,-84.8141603,15.5,58.0,1.036,10.0,2023,4,26,22,0.89,27.0
1.6000000000000227,0,47,1.6000000000000227,0,2023-04-26 22:47:50,12.0,,15.0,2161.04,0.793,2.0,0.0,7.0,7.0,,50.5134635,-84.8141726,16.5,60.5,0.793,10.0,2023,4,26,22,0.89,27.0
1.6000000000000227,0,47,1.6000000000000227,0,2023-04-26 22:47:58,12.0,,15.0,2162.48,0.701,2.0,0.0,18.0,41.0,,50.5134212,-84.8142508,23.0,79.5,0.701,10.0,2023,4,26,22,0.89,27.0
1.6000000000000227,0,47,1.6000000000000227,0,2023-04-26 22:47:59,12.0,,15.0,2163.55,2.84,2.0,0.0,19.5,45.0,,50.5134081,-84.8142835,23.5,81.5,2.84,10.0,2023,4,26,22,0.89,27.0
1.6000000000000227,0,47,1.6000000000000227,0,2023-04-26 22:48:00,12.0,,15.0,2167.4,4.036,2.0,0.0,20.5,50.0,,50.5133801,-84.8143262,24.5,84.0,4.036,10.0,2023,4,26,22,0.89,27.0
1.6000000000000227,49,47,1.6000000000000227,149,2023-04-26 22:48:01,12.0,,15.0,2171.64,4.235,2.0,0.0,22.0,54.0,,50.5133391,-84.8143519,25.5,86.5,4.235,10.0,2023,4,26,22,0.89,27.0
1.3999999999999773,54,47,1.3999999999999773,293,2023-04-26 22:48:02,12.0,,15.0,2175.85,4.492,2.0,0.0,23.5,58.0,84.0,50.5132953,-84.8143492,26.0,89.0,4.492,10.0,2023,4,26,22,0.89,27.0
1.3999999999999773,57,48,1.3999999999999773,315,2023-04-26 22:48:03,12.0,,15.0,2181.05,5.338,2.0,0.0,23.5,55.0,84.0,50.5132413,-84.8143401,25.5,89.0,5.338,10.0,2023,4,26,22,0.89,27.0
1.3999999999999773,61,48,1.3999999999999773,324,2023-04-26 22:48:04,12.0,,15.0,2187.03,6.036,2.0,0.0,23.0,52.0,84.0,50.5131766,-84.8143311,24.0,86.5,6.036,10.0,2023,4,26,22,0.89,27.0
1.3999999999999773,67,48,1.3999999999999773,330,2023-04-26 22:48:05,12.0,,15.0,2193.23,6.135,2.0,0.0,22.0,53.0,84.0,50.513109,-84.8143221,22.0,84.5,6.135,10.0,2023,4,26,22,0.89,27.0
1.1999999999999886,69,49,1.1999999999999886,319,2023-04-26 22:48:06,12.0,,15.0,2199.93,6.391,2.0,0.0,23.0,57.0,87.0,50.5130383,-84.8143101,19.0,89.0,6.391,10.0,2023,4,26,22,0.89,27.0
1.1999999999999886,70,49,1.1999999999999886,273,2023-04-26 22:48:07,12.0,,15.0,2206.63,6.537,2.0,0.0,25.0,55.0,90.0,50.5129681,-84.8142892,21.0,91.5,6.537,10.0,2023,4,26,22,0.89,27.0
1.1999999999999886,71,49,1.1999999999999886,265,2023-04-26 22:48:08,12.0,,15.0,2213.26,6.686,2.0,0.0,27.0,55.0,93.0,50.5129027,-84.8142617,24.0,93.5,6.686,10.0,2023,4,26,22,0.89,27.0
1.1999999999999886,74,49,1.1999999999999886,264,2023-04-26 22:48:09,12.0,,15.0,2219.82,6.887,2.0,0.0,28.5,56.0,95.5,50.5128363,-84.8142293,26.5,95.5,6.887,10.0,2023,4,26,22,0.89,27.0
1.1999999999999886,75,50,1.1999999999999886,262,2023-04-26 22:48:10,12.0,,15.0,2226.45,7.007,2.0,0.0,29.0,57.0,96.5,50.5127718,-84.8141842,27.5,97.0,7.007,10.0,2023,4,26,22,0.89,27.0
1.1999999999999886,77,50,1.1999999999999886,281,2023-04-26 22:48:11,12.0,,15.0,2233.43,7.094,2.0,0.0,29.5,55.0,97.5,50.5127034,-84.8141412,28.5,98.0,7.094,10.0,2023,4,26,22,0.89,27.0
1.1999999999999886,79,50,1.1999999999999886,291,2023-04-26 22:48:12,12.0,,15.0,2240.58,7.273,2.0,0.0,25.0,50.0,89.5,50.5126338,-84.8141022,28.0,97.5,7.273,10.0,2023,4,26,22,0.89,27.0
1.1999999999999886,80,51,1.1999999999999886,283,2023-04-26 22:48:13,12.0,,15.0,2248.08,7.355,2.0,0.0,24.5,54.0,89.5,50.5125604,-84.8140563,27.0,95.5,7.355,10.0,2023,4,26,22,0.89,27.0
1.1999999999999886,82,51,1.1999999999999886,274,2023-04-26 22:48:14,12.0,,15.0,2255.51,7.404,2.0,0.0,28.0,55.0,97.0,50.5124866,-84.8140137,25.5,93.5,7.404,10.0,2023,4,26,22,0.89,27.0
1.1999999999999886,82,51,1.1999999999999886,269,2023-04-26 22:48:15,12.0,,15.0,2262.95,7.509,2.0,0.0,27.5,53.0,96.0,50.5124111,-84.8139775,25.5,93.5,7.509,10.0,2023,4,26,22,0.89,27.0
1.1999999999999886,83,51,1.1999999999999886,246,2023-04-26 22:48:16,12.0,,15.0,2270.42,7.525,2.0,0.0,27.0,57.0,93.5,50.5123366,-84.8139383,24.5,90.5,7.525,10.0,2023,4,26,22,0.89,27.0
1.1999999999999886,83,52,1.1999999999999886,235,2023-04-26 22:48:17,12.0,,15.0,2278.08,7.511,2.0,0.0,26.0,56.0,90.5,50.5122583,-84.8138977,23.5,87.5,7.511,10.0,2023,4,26,22,0.89,27.0
1.1999999999999886,83,52,1.1999999999999886,227,2023-04-26 22:48:18,12.0,,15.0,2285.59,7.512,2.0,0.0,25.5,57.0,88.0,50.5121828,-84.8138652,23.0,85.0,7.512,10.0,2023,4,26,22,0.89,27.0
1.0,83,52,1.0,213,2023-04-26 22:48:19,12.0,,15.0,2293.13,7.518,2.0,0.0,25.0,58.0,85.5,50.5121087,-84.8138224,22.0,82.0,7.518,10.0,2023,4,26,22,0.89,27.0
1.0,83,52,1.0,199,2023-04-26 22:48:20,12.0,,15.0,2300.73,7.536,2.0,0.0,23.5,56.0,79.5,50.5120331,-84.8137836,21.0,78.0,7.536,10.0,2023,4,26,22,0.89,27.0
1.0,72,52,1.0,153,2023-04-26 22:48:21,12.0,,15.0,2308.11,7.156,2.0,0.0,21.5,57.0,74.5,50.5119598,-84.8137458,17.0,64.5,7.156,10.0,2023,4,26,22,0.89,27.0
0.8000000000000114,51,52,0.8000000000000114,125,2023-04-26 22:48:22,12.0,,15.0,2314.54,6.068,2.0,0.0,20.5,67.0,72.5,50.5118897,-84.8137303,14.0,52.0,6.068,10.0,2023,4,26,22,0.89,27.0
0.8000000000000114,30,52,0.8000000000000114,96,2023-04-26 22:48:23,12.0,,15.0,2320.26,5.479,2.0,0.0,20.5,80.0,74.0,50.5118326,-84.81374,11.5,42.5,5.479,10.0,2023,4,26,22,0.89,27.0
0.8000000000000114,74,53,0.8000000000000114,86,2023-04-26 22:48:24,12.0,,15.0,2325.76,5.356,2.0,0.0,21.0,82.0,75.5,50.5117958,-84.8138022,9.5,33.0,5.356,10.0,2023,4,26,22,0.89,27.0
0.8000000000000114,78,53,0.8000000000000114,108,2023-04-26 22:48:25,12.0,,15.0,2332.28,6.17,2.0,0.0,21.0,58.0,76.5,50.5117674,-84.8138861,7.5,23.5,6.17,10.0,2023,4,26,22,0.89,27.0
0.8000000000000114,78,53,0.8000000000000114,196,2023-04-26 22:48:26,12.0,,15.0,2339.09,6.326,2.0,0.0,23.0,54.0,84.0,50.511738,-84.8139778,17.5,64.0,6.326,10.0,2023,4,26,22,0.89,27.0
0.8000000000000114,80,53,0.8000000000000114,219,2023-04-26 22:48:27,12.0,,15.0,2345.71,6.142,2.0,0.0,25.5,56.0,91.0,50.5117168,-84.8140677,24.5,92.0,6.142,10.0,2023,4,26,22,0.89,27.0
0.8000000000000114,82,53,0.8000000000000114,246,2023-04-26 22:48:28,12.0,,15.0,2352.32,5.901,2.0,0.0,24.0,54.0,87.5,50.5117023,-84.8141593,27.0,97.5,5.901,10.0,2023,4,26,22,0.89,27.0
1.0,66,54,1.0,228,2023-04-26 22:48:29,12.0,,15.0,2358.62,5.613,3.0,0.0,15.0,48.0,63.5,50.5117056,-84.8142506,31.5,99.5,5.613,10.0,2023,4,26,22,0.89,27.0
1.0,44,54,1.0,159,2023-04-26 22:48:30,12.0,,15.0,2365.48,6.187,3.0,0.0,17.0,44.0,67.0,50.5117318,-84.8143404,28.0,90.0,6.187,10.0,2023,4,26,22,0.89,27.0
1.0,21,54,1.0,91,2023-04-26 22:48:31,12.0,,15.0,2372.74,6.637,3.0,0.0,19.0,40.0,70.0,50.5117685,-84.8144323,25.0,80.5,6.637,10.0,2023,4,26,22,0.89,27.0
1.0,0,54,1.0,0,2023-04-26 22:48:32,12.0,,15.0,2379.59,6.446,3.0,0.0,20.5,36.0,73.0,50.5118008,-84.8145222,22.0,71.0,6.446,10.0,2023,4,26,22,0.89,27.0
1.0,0,54,1.0,0,2023-04-26 22:48:33,12.0,,15.0,2386.22,5.916,3.0,0.0,22.5,32.0,76.5,50.5118187,-84.8146172,18.5,61.0,5.916,10.0,2023,4,26,22,0.89,27.0
1.0,13,54,1.0,3,2023-04-26 22:48:34,12.0,,15.0,2392.98,6.046,3.0,0.0,24.5,28.0,79.5,50.5118219,-84.8147151,15.5,51.5,6.046,10.0,2023,4,26,22,0.89,27.0
1.0,18,54,1.0,7,2023-04-26 22:48:35,12.0,,15.0,2399.8,6.818,3.0,0.0,26.0,26.0,83.0,50.5118258,-84.8148103,12.0,42.0,6.818,10.0,2023,4,26,22,0.89,27.0
1.0,51,54,1.0,39,2023-04-26 22:48:36,12.0,,15.0,2406.96,7.053,3.0,0.0,25.5,72.0,84.5,50.5118434,-84.814915,13.0,39.0,7.053,10.0,2023,4,26,22,0.89,27.0
1.0,66,54,1.0,71,2023-04-26 22:48:37,12.0,,15.0,2413.78,6.876,3.0,0.0,25.5,81.0,88.0,50.5118734,-84.8150035,14.0,38.5,6.876,10.0,2023,4,26,22,0.89,27.0
1.0,68,54,1.0,147,2023-04-26 22:48:38,12.0,,15.0,2420.75,6.932,3.0,0.0,27.5,64.0,96.5,50.5119096,-84.8150877,14.5,40.5,6.932,10.0,2023,4,26,22,0.89,27.0
1.0,70,54,1.0,191,2023-04-26 22:48:39,12.0,,15.0,2427.85,7.058,3.0,0.0,27.5,57.0,92.5,50.5119451,-84.8151796,24.5,82.0,7.058,10.0,2023,4,26,22,0.89,27.0
1.0,70,54,1.0,226,2023-04-26 22:48:40,12.0,,15.0,2434.33,6.622,3.0,0.0,29.5,59.0,96.5,50.511973,-84.8152682,29.5,94.5,6.622,10.0,2023,4,26,22,0.89,27.0
1.0,70,55,1.0,225,2023-04-26 22:48:41,12.0,,15.0,2440.55,6.332,3.0,0.0,31.0,59.0,99.5,50.5119871,-84.8153525,30.5,95.5,6.332,10.0,2023,4,26,22,0.89,27.0
1.0,72,55,1.0,236,2023-04-26 22:48:42,12.0,,15.0,2446.51,6.065,3.0,0.0,32.0,59.0,99.5,50.5119878,-84.81544,29.0,94.5,6.065,10.0,2023,4,26,22,0.89,27.0
1.0,73,55,1.0,259,2023-04-26 22:48:43,12.0,,15.0,2452.69,6.16,3.0,0.0,33.0,57.0,99.5,50.5119735,-84.8155244,28.0,93.5,6.16,10.0,2023,4,26,22,0.89,27.0
0.8000000000000114,73,55,0.8000000000000114,279,2023-04-26 22:48:44,12.0,,15.0,2459.21,6.441,3.0,0.0,32.0,55.0,99.5,50.5119439,-84.8156099,31.5,98.0,6.441,10.0,2023,4,26,22,0.89,27.0
0.8000000000000114,73,56,0.8000000000000114,249,2023-04-26 22:48:45,12.0,,15.0,2465.24,6.117,3.0,0.0,27.0,53.0,95.5,50.5119086,-84.8156831,29.0,96.5,6.117,10.0,2023,4,26,22,0.89,27.0
0.8000000000000114,72,56,0.8000000000000114,239,2023-04-26 22:48:46,12.0,,15.0,2471.32,6.097,3.0,0.0,26.0,53.0,93.5,50.5118717,-84.8157532,25.5,92.0,6.097,10.0,2023,4,26,22,0.89,27.0
1.0,73,56,1.0,229,2023-04-26 22:48:47,12.0,,15.0,2477.67,6.255,3.0,0.0,26.0,56.0,89.5,50.5118212,-84.8158202,23.5,87.0,6.255,10.0,2023,4,26,22,0.89,27.0
1.0,72,56,1.0,209,2023-04-26 22:48:48,12.0,,15.0,2484.55,6.69,3.0,0.0,21.5,59.0,78.0,50.5117705,-84.8158939,22.0,83.0,6.69,10.0,2023,4,26,22,0.89,27.0
1.1999999999999886,56,56,1.1999999999999886,192,2023-04-26 22:48:49,12.0,,15.0,2491.22,6.673,3.0,0.0,17.0,57.0,66.5,50.511722,-84.8159637,20.5,79.0,6.673,10.0,2023,4,26,22,0.89,27.0
1.3999999999999773,37,56,1.3999999999999773,177,2023-04-26 22:48:50,12.0,,15.0,2496.67,5.793,3.0,0.0,16.0,64.0,64.0,50.5116793,-84.8160165,19.5,76.0,5.793,10.0,2023,4,26,22,0.89,27.0
1.3999999999999773,18,56,1.3999999999999773,161,2023-04-26 22:48:51,12.0,,15.0,2501.02,4.714,3.0,0.0,16.5,71.0,63.0,50.5116403,-84.8160491,18.5,72.5,4.714,10.0,2023,4,26,22,0.89,27.0
1.6000000000000227,0,56,1.6000000000000227,0,2023-04-26 22:48:52,12.0,,15.0,2506.07,4.97,3.0,0.0,16.5,78.0,62.5,50.5115935,-84.8160893,17.5,69.5,4.97,10.0,2023,4,26,22,0.89,27.0
1.6000000000000227,0,56,1.6000000000000227,0,2023-04-26 22:48:53,12.0,,15.0,2510.94,4.888,3.0,0.0,16.5,85.0,62.0,50.5115451,-84.8161164,16.5,66.5,4.888,10.0,2023,4,26,22,0.89,27.0
1.6000000000000227,10,56,1.6000000000000227,12,2023-04-26 22:48:54,12.0,,15.0,2515.52,4.479,3.0,0.0,17.0,92.0,61.0,50.5115007,-84.8161438,16.0,63.0,4.479,10.0,2023,4,26,22,0.89,27.0
1.6000000000000227,21,56,1.6000000000000227,32,2023-04-26 22:48:55,12.0,,15.0,2519.63,3.772,3.0,0.0,17.0,99.0,60.5,50.5114623,-84.8161685,15.0,60.0,3.772,10.0,2023,4,26,22,0.89,27.0
